Season,Name,Tm,PA,GB/FB,LD%,GB%,FB%,IFFB%,HR/FB,IFH%,BUH%,Pull%,Cent%,Oppo%,Soft%,Med%,Hard%,playerId
2018,"Victor Martinez","DET",508,1.091503267,0.245283018,0.393867924,0.360849056,0.098039215,0.058823529,0.029940119,1,0.4282,0.32,0.2518,0.1553,0.4753,0.3694,393
2018,"Adrian Beltre","TEX",481,1.048,0.257971014,0.379710144,0.36231884,0.08,0.12,0.083969465,0,0.3884,0.3275,0.2841,0.142,0.4348,0.4232,639
2018,"Todd Frazier","NYM",472,0.776978417,0.1875,0.355263157,0.457236842,0.122302158,0.129496402,0.074074074,0,0.4967,0.3026,0.2007,0.1743,0.4178,0.4079,785
2018,"Albert Pujols","LAA",498,1.072847682,0.223325062,0.401985111,0.374689826,0.178807947,0.125827814,0.037037037,0,0.469,0.3524,0.1787,0.1886,0.3871,0.4243,1177
2018,"Wilson Ramos","2 Tms",416,2.226666666,0.203947368,0.549342105,0.246710526,0.08,0.2,0.041916167,0,0.4013,0.3224,0.2763,0.1743,0.4342,0.3914,1433
2018,"Jose Reyes","NYM",251,1.188405797,0.188172043,0.440860215,0.370967741,0.20289855,0.057971014,0.048780487,0.5,0.4263,0.3316,0.2421,0.2737,0.4632,0.2632,1736
2018,"Joe Mauer","MIN",543,2.303370786,0.268656716,0.509950248,0.221393034,0.033707865,0.06741573,0.014634146,0,0.255,0.4035,0.3416,0.1287,0.4233,0.448,1857
2018,"Jose Bautista","3 Tms",399,0.737373737,0.2,0.339534883,0.460465116,0.161616161,0.131313131,0.06849315,0,0.5023,0.3116,0.186,0.1814,0.4233,0.3953,1887
2018,"David Peralta","ARI",614,1.734375,0.200913242,0.506849315,0.292237442,0.0546875,0.234375,0.058558558,0,0.3904,0.347,0.2626,0.1644,0.3493,0.4863,2136
2018,"Edwin Encarnacion","CLE",579,0.823170731,0.202666666,0.36,0.437333333,0.109756097,0.195121951,0.044444444,0,0.456,0.3147,0.2293,0.152,0.424,0.424,2151
2018,"Carlos Santana","PHI",679,0.922705314,0.160337552,0.402953586,0.43670886,0.178743961,0.115942028,0.057591623,0,0.48,0.2989,0.2211,0.2274,0.4442,0.3284,2396
2018,"Nelson Cruz","SEA",591,1.142857142,0.175,0.44,0.385,0.11038961,0.24025974,0.022727272,0,0.4075,0.3475,0.245,0.1625,0.415,0.4225,2434
2018,"Lucas Duda","2 Tms",367,0.634615384,0.257641921,0.288209606,0.454148471,0.10576923,0.134615384,0.03030303,0,0.4192,0.31,0.2707,0.1834,0.4323,0.3843,2502
2018,"Yonder Alonso","CLE",574,0.955974842,0.216624685,0.382871536,0.400503778,0.144654088,0.144654088,0.032894736,1,0.4372,0.3442,0.2186,0.1985,0.4246,0.3769,2530
2018,"Zack Cozart","LAA",253,0.933333333,0.211956521,0.380434782,0.407608695,0.173333333,0.066666666,0.057142857,0,0.5135,0.2757,0.2108,0.1784,0.4541,0.3676,2616
2018,"Brandon Guyer","CLE",221,0.98275862,0.195804195,0.398601398,0.405594405,0.086206896,0.120689655,0.052631578,0.75,0.5102,0.3129,0.1769,0.1973,0.4286,0.3741,2636
2018,"Manny Pina","MIL",337,1.19047619,0.258064516,0.403225806,0.338709677,0.119047619,0.107142857,0.04,0,0.4257,0.2851,0.2892,0.2329,0.4297,0.3373,2829
2018,"Roberto Perez","CLE",210,1.394736842,0.14953271,0.495327102,0.355140186,0.131578947,0.052631578,0.037735849,0.09090909,0.3305,0.4322,0.2373,0.1441,0.4492,0.4068,2900
2018,"Tommy Pham","2 Tms",570,1.71,0.238764044,0.480337078,0.280898876,0.05,0.21,0.081871345,0,0.3782,0.3978,0.2241,0.1261,0.3894,0.4846,2967
2018,"Mitch Moreland","BOS",459,1.157894736,0.196078431,0.431372549,0.372549019,0.061403508,0.131578947,0.045454545,0,0.4104,0.355,0.2345,0.1466,0.5049,0.3485,3086
2018,"Gregor Blanco","SFG",203,1.384615384,0.2734375,0.421875,0.3046875,0.128205128,0.051282051,0.037037037,0.2,0.3083,0.3308,0.3609,0.188,0.5188,0.2932,3123
2018,"Robinson Chirinos","TEX",426,0.611111111,0.212669683,0.298642533,0.488687782,0.12037037,0.166666666,0.09090909,1,0.4955,0.3153,0.1892,0.1486,0.4099,0.4414,3142
2018,"Shin-Soo Choo","TEX",665,1.796460176,0.217821782,0.502475247,0.27970297,0.026548672,0.185840707,0.0591133,0.333333333,0.3808,0.3514,0.2678,0.145,0.4349,0.4201,3174
2018,"Robinson Cano","SEA",348,1.628205128,0.226415094,0.479245283,0.294339622,0.064102564,0.128205128,0.047244094,0,0.3472,0.3698,0.283,0.1132,0.4717,0.4151,3269
2018,"Charlie Culberson","ATL",322,1.844827586,0.20289855,0.516908212,0.280193236,0.103448275,0.206896551,0.102803738,0.8,0.4245,0.316,0.2594,0.217,0.467,0.316,3298
2018,"Martin Prado","MIA",209,1.652173913,0.24691358,0.469135802,0.283950617,0,0.02173913,0.065789473,0,0.3333,0.358,0.3086,0.1296,0.5679,0.3025,3312
2018,"Matt Joyce","OAK",246,0.901639344,0.256410256,0.352564102,0.391025641,0.049180327,0.114754098,0.018181818,1,0.4204,0.3631,0.2166,0.1465,0.4968,0.3567,3353
2018,"Nick Hundley","SFG",305,0.972602739,0.269035532,0.360406091,0.370558375,0.08219178,0.136986301,0.028169014,0,0.467,0.3249,0.2081,0.1878,0.3807,0.4315,3376
2018,"Ryan Braun","MIL",447,1.703296703,0.23125,0.484375,0.284375,0.054945054,0.219780219,0.064516129,0.666666666,0.3963,0.3437,0.2601,0.1641,0.4056,0.4303,3410
2018,"Jeff Mathis","ARI",218,0.96,0.240310077,0.372093023,0.387596899,0.12,0.02,0.041666666,0.333333333,0.4394,0.3333,0.2273,0.1591,0.4394,0.4015,3448
2018,"Anthony Rizzo","CHC",665,1.016304347,0.247464503,0.379310344,0.373225152,0.086956521,0.135869565,0.058823529,0,0.4525,0.3455,0.202,0.1657,0.4929,0.3414,3473
2018,"Eric Hosmer","SDP",677,3.064516129,0.199152542,0.603813559,0.197033898,0.096774193,0.193548387,0.059649122,0,0.3178,0.3919,0.2903,0.2352,0.4195,0.3453,3516
2018,"Rajai Davis","CLE",216,1.5,0.217687074,0.469387755,0.31292517,0.152173913,0.02173913,0.144927536,0,0.2941,0.3791,0.3268,0.3072,0.4248,0.268,3708
2018,"Eric Thames","MIL",278,0.714285714,0.2,0.333333333,0.466666666,0.071428571,0.228571428,0.1,0,0.44,0.34,0.22,0.12,0.42,0.46,3711
2018,"Josh Reddick","HOU",487,0.846153846,0.186440677,0.372881355,0.440677966,0.108974358,0.108974358,0.06060606,0.2,0.4485,0.3287,0.2228,0.1922,0.507,0.3008,3892
2018,"Melky Cabrera","CLE",278,1.75,0.287037037,0.453703703,0.259259259,0.142857142,0.107142857,0.030612244,0,0.3733,0.3917,0.235,0.1106,0.4977,0.3917,4022
2018,"Dexter Fowler","STL",334,1.069767441,0.183486238,0.422018348,0.394495412,0.046511627,0.093023255,0.065217391,0,0.4312,0.3119,0.2569,0.1972,0.4633,0.3394,4062
2018,"Michael Brantley","CLE",631,1.487179487,0.246601941,0.450485436,0.302912621,0.038461538,0.108974358,0.034482758,0.5,0.4043,0.3675,0.2282,0.1219,0.5068,0.3714,4106
2018,"Gorkys Hernandez","SFG",451,1.358490566,0.161073825,0.483221476,0.355704697,0.207547169,0.141509433,0.069444444,0.444444444,0.3811,0.3453,0.2736,0.2085,0.4039,0.3876,4146
2018,"Ryan Zimmerman","WSN",323,1.455696202,0.174468085,0.489361702,0.336170212,0.075949367,0.164556962,0.060869565,0,0.3149,0.4255,0.2596,0.1702,0.434,0.3957,4220
2018,"Matt Wieters","WSN",271,0.747126436,0.208333333,0.338541666,0.453125,0.114942528,0.091954022,0.03076923,0,0.3938,0.3679,0.2383,0.1969,0.4611,0.342,4298
2018,"Joey Votto","CIN",623,1.206349206,0.313580246,0.375308641,0.311111111,0,0.095238095,0.065789473,0,0.3531,0.3383,0.3086,0.0914,0.4988,0.4099,4314
2018,"Daniel Murphy","2 Tms",351,0.894736842,0.257731958,0.350515463,0.391752577,0.043859649,0.105263157,0.058823529,0,0.3436,0.2955,0.3608,0.1271,0.6117,0.2612,4316
2018,"Erik Kratz","MIL",219,1.161290322,0.187878787,0.436363636,0.375757575,0.096774193,0.096774193,0.041666666,0,0.3976,0.3494,0.253,0.1205,0.4157,0.4639,4403
2018,"Jed Lowrie","OAK",680,0.764705882,0.234042553,0.331914893,0.434042553,0.06372549,0.112745098,0.076923076,0,0.4225,0.3248,0.2527,0.1338,0.465,0.4013,4418
2018,"Starlin Castro","MIA",647,1.766423357,0.202105263,0.509473684,0.288421052,0.0729927,0.08759124,0.095041322,0,0.4021,0.3874,0.2105,0.1579,0.4695,0.3726,4579
2018,"Russell Martin","TOR",352,1.472222222,0.140096618,0.512077294,0.347826086,0.194444444,0.138888888,0.047169811,0,0.4058,0.3961,0.1981,0.2271,0.4734,0.2995,4616
2018,"Curtis Granderson","2 Tms",403,0.863636363,0.308016877,0.320675105,0.371308016,0.068181818,0.147727272,0.026315789,0,0.5272,0.2887,0.1841,0.1548,0.4728,0.3724,4747
2018,"Brian McCann","HOU",216,0.56,0.22,0.28,0.5,0.173333333,0.093333333,0.047619047,0,0.4305,0.3046,0.2649,0.2119,0.5298,0.2583,4810
2018,"Jarrod Dyson","ARI",237,1.48,0.225,0.4625,0.3125,0.2,0.04,0.04054054,0.3125,0.3977,0.3693,0.233,0.2102,0.5625,0.2273,4866
2018,"Carlos Gomez","TBR",408,0.719298245,0.209677419,0.330645161,0.459677419,0.175438596,0.078947368,0.036585365,0.454545454,0.4054,0.3282,0.2664,0.2162,0.4788,0.305,4881
2018,"Mike Moustakas","2 Tms",635,0.735159817,0.196617336,0.340380549,0.463002114,0.191780821,0.127853881,0.068322981,0.666666666,0.4265,0.3424,0.2311,0.2122,0.3761,0.4118,4892
2018,"Ender Inciarte","ATL",660,1.461538461,0.23960396,0.451485148,0.308910891,0.057692307,0.064102564,0.092105263,0.214285714,0.4008,0.3526,0.2466,0.1965,0.4875,0.316,4922
2018,"Jason Heyward","CHC",489,1.407692307,0.180628272,0.479057591,0.340314136,0.184615384,0.061538461,0.06557377,0,0.4219,0.3203,0.2578,0.2552,0.4479,0.2969,4940
2018,"Giancarlo Stanton","NYY",705,1.230263157,0.185096153,0.44951923,0.365384615,0.131578947,0.25,0.128342245,0,0.3894,0.3702,0.2404,0.1899,0.387,0.4231,4949
2018,"Asdrubal Cabrera","2 Tms",592,1.084848484,0.190588235,0.42117647,0.388235294,0.084848484,0.139393939,0.039106145,0.5,0.4779,0.324,0.1981,0.1538,0.4615,0.3846,4962
2018,"Luis Valbuena","LAA",288,0.821917808,0.19879518,0.361445783,0.439759036,0.09589041,0.123287671,0.083333333,1,0.4524,0.2738,0.2738,0.1607,0.4643,0.375,4969
2018,"Josh Donaldson","2 Tms",219,1.361702127,0.171641791,0.47761194,0.350746268,0.106382978,0.170212765,0.078125,0,0.403,0.3657,0.2313,0.1866,0.403,0.4104,5038
2018,"Jefry Marte","LAA",209,1.826086956,0.150326797,0.549019607,0.300653594,0.108695652,0.152173913,0.059523809,0,0.5294,0.2876,0.183,0.1895,0.5098,0.3007,5107
2018,"Alex Gordon","KCR",568,1.452173913,0.263707571,0.436031331,0.300261096,0.060869565,0.113043478,0.035928143,0,0.4021,0.342,0.2559,0.1593,0.4621,0.3786,5209
2018,"Justin Upton","LAA",613,1.184615384,0.217630853,0.424242424,0.358126721,0.092307692,0.23076923,0.123376623,0,0.4656,0.3251,0.2094,0.168,0.3939,0.438,5222
2018,"Cameron Maybin","2 Tms",384,1.756756756,0.235955056,0.486891385,0.277153558,0.108108108,0.054054054,0.092307692,1,0.3792,0.4126,0.2082,0.197,0.4684,0.3346,5223
2018,"Jon Jay","2 Tms",586,3.591549295,0.241860465,0.593023255,0.165116279,0.014084507,0.042253521,0.039215686,0.4,0.3341,0.3523,0.3136,0.1273,0.5182,0.3545,5227
2018,"Justin Turner","LAD",426,0.661870503,0.26198083,0.293929712,0.444089456,0.071942446,0.100719424,0.065217391,0,0.3898,0.3163,0.2939,0.1086,0.4409,0.4505,5235
2018,"Robbie Grossman","MIN",465,1.042372881,0.242138364,0.386792452,0.371069182,0.101694915,0.042372881,0.089430894,0,0.3656,0.3469,0.2875,0.175,0.5094,0.3156,5254
2018,"Sandy Leon","BOS",288,1,0.170212765,0.414893617,0.414893617,0.076923076,0.064102564,0.064102564,0,0.4456,0.3316,0.2228,0.2176,0.5181,0.2642,5273
2018,"Francisco Cervelli","PIT",404,0.933333333,0.194444444,0.388888888,0.416666666,0.104761904,0.114285714,0.061224489,0,0.3858,0.3465,0.2677,0.1575,0.5039,0.3386,5275
2018,"Aaron Hicks","NYY",581,1.042253521,0.216216216,0.4,0.383783783,0.119718309,0.190140845,0.074324324,0.428571428,0.4536,0.3687,0.1777,0.1857,0.4191,0.3952,5297
2018,"Brandon Crawford","SFG",594,1.417322834,0.254854368,0.436893203,0.308252427,0.118110236,0.11023622,0.05,0,0.3309,0.3792,0.2899,0.186,0.4517,0.3623,5343
2018,"Yangervis Solarte","TOR",506,1.164383561,0.20802005,0.426065162,0.365914786,0.191780821,0.116438356,0.029411764,0,0.415,0.345,0.24,0.21,0.5075,0.2825,5352
2018,"Freddie Freeman","ATL",707,1.162337662,0.323170731,0.363821138,0.31300813,0.019480519,0.149350649,0.050279329,0,0.4309,0.311,0.2581,0.1098,0.4715,0.4187,5361
2018,"Pablo Sandoval","SFG",252,1.698113207,0.201117318,0.502793296,0.296089385,0.132075471,0.16981132,0.055555555,0,0.3352,0.3687,0.2961,0.1564,0.4358,0.4078,5409
2018,"Jose Altuve","HOU",599,1.533333333,0.24,0.46,0.3,0.059259259,0.096296296,0.077294685,0.555555555,0.4139,0.3856,0.2004,0.1656,0.5011,0.3333,5417
2018,"Ji-Man Choi","2 Tms",221,1.229166666,0.213235294,0.433823529,0.352941176,0.145833333,0.208333333,0.050847457,1,0.4161,0.3066,0.2774,0.1387,0.4234,0.438,5452
2018,"Jose Pirela","SDP",473,2.077777777,0.208571428,0.534285714,0.257142857,0.2,0.055555555,0.053475935,0,0.3248,0.4046,0.2707,0.2365,0.4188,0.3447,5485
2018,"Austin Romine","NYY",265,1.508771929,0.192090395,0.485875706,0.322033898,0.070175438,0.175438596,0.046511627,0.5,0.2737,0.3966,0.3296,0.1788,0.4637,0.3575,5491
2018,"Marwin Gonzalez","HOU",552,1.1640625,0.226256983,0.416201117,0.357541899,0.09375,0.125,0.046979865,0.166666666,0.4405,0.3541,0.2054,0.173,0.4432,0.3838,5497
2018,"Matt Kemp","LAD",506,0.918518518,0.268361581,0.350282485,0.381355932,0.059259259,0.155555555,0.04032258,0,0.4209,0.3588,0.2203,0.1384,0.4266,0.435,5631
2018,"Devin Mesoraco","2 Tms",274,0.766666666,0.176165803,0.357512953,0.466321243,0.211111111,0.122222222,0.072463768,0,0.5181,0.2694,0.2124,0.2176,0.4611,0.3212,5666
2018,"Steven Souza Jr.","ARI",272,0.96875,0.240963855,0.373493975,0.385542168,0.15625,0.078125,0.032258064,0,0.3795,0.3554,0.2651,0.1807,0.3795,0.4398,5667
2018,"Hernan Perez","MIL",334,1.133333333,0.209876543,0.419753086,0.37037037,0.088888888,0.1,0.156862745,0.333333333,0.3455,0.4065,0.248,0.1911,0.4634,0.3455,5751
2018,"Avisail Garcia","CHW",385,1.404494382,0.173745173,0.482625482,0.343629343,0.078651685,0.213483146,0.096,0,0.4788,0.3282,0.1931,0.1737,0.444,0.3822,5760
2018,"Wilmer Flores","NYM",429,0.803797468,0.19263456,0.359773371,0.447592067,0.164556962,0.069620253,0.05511811,0,0.396,0.3276,0.2764,0.2408,0.4306,0.3286,5827
2018,"Leury Garcia","CHW",275,2.142857142,0.286486486,0.486486486,0.227027027,0.071428571,0.095238095,0.1,0.333333333,0.3144,0.3557,0.3299,0.1701,0.5309,0.299,5913
2018,"Nick Markakis","ATL",705,1.439759036,0.266304347,0.432971014,0.300724637,0.06626506,0.084337349,0.050209205,0,0.317,0.3913,0.2917,0.1377,0.4565,0.4058,5930
2018,"Jean Segura","SEA",632,1.761589403,0.193423597,0.514506769,0.292069632,0.139072847,0.066225165,0.09774436,0.4,0.3567,0.408,0.2353,0.2087,0.5332,0.2581,5933
2018,"Jesus Sucre","TBR",198,1.277777777,0.206451612,0.44516129,0.348387096,0.074074074,0.018518518,0.028985507,0,0.3145,0.3899,0.2956,0.1761,0.5031,0.3208,5942
2018,"Didi Gregorius","NYY",569,0.934426229,0.195454545,0.388636363,0.41590909,0.120218579,0.147540983,0.040935672,0.8,0.4045,0.3685,0.227,0.2247,0.4157,0.3596,6012
2018,"Eduardo Escobar","2 Tms",631,0.746113989,0.247767857,0.321428571,0.430803571,0.056994818,0.119170984,0.076388888,0,0.3996,0.3393,0.2612,0.1518,0.4665,0.3817,6153
2018,"J.D. Martinez","BOS",649,1.280821917,0.225581395,0.43488372,0.339534883,0.02739726,0.294520547,0.080213903,0,0.3767,0.3093,0.314,0.1093,0.4419,0.4488,6184
2018,"Ian Kinsler","2 Tms",534,0.871508379,0.213615023,0.366197183,0.420187793,0.162011173,0.07821229,0.044871794,0,0.4366,0.338,0.2254,0.1972,0.5094,0.2934,6195
2018,"Alcides Escobar","KCR",531,1.435114503,0.216216216,0.461916461,0.321867321,0.106870229,0.030534351,0.09574468,0.2,0.4147,0.3412,0.2441,0.2014,0.4953,0.3033,6310
2018,"Danny Valencia","BAL",282,1.373134328,0.231884057,0.444444444,0.323671497,0.074626865,0.134328358,0.076086956,0,0.4589,0.343,0.1981,0.1691,0.5024,0.3285,6364
2018,"Adam Jones","BAL",613,1.174157303,0.205338809,0.42915811,0.36550308,0.13483146,0.084269662,0.057416267,0.75,0.3992,0.336,0.2648,0.1935,0.4929,0.3136,6368
2018,"Jordy Mercer","PIT",436,1.122641509,0.274193548,0.383870967,0.341935483,0.103773584,0.056603773,0.058823529,0,0.4534,0.3505,0.1961,0.1704,0.5305,0.299,6547
2018,"Freddy Galvis","SDP",656,1.134146341,0.220489977,0.414253897,0.365256124,0.054878048,0.079268292,0.086021505,0.384615384,0.381,0.3788,0.2403,0.1299,0.4675,0.4026,6609
2018,"Eduardo Nunez","BOS",502,1.514925373,0.185990338,0.490338164,0.323671497,0.186567164,0.074626865,0.103448275,0,0.3277,0.3759,0.2964,0.2554,0.4723,0.2723,6848
2018,"Mark Trumbo","BAL",358,1.223529411,0.228571428,0.424489795,0.346938775,0.105882352,0.2,0.076923076,0,0.3306,0.4041,0.2653,0.1796,0.4204,0.4,6876
2018,"Ian Desmond","COL",619,2.876404494,0.16464891,0.619854721,0.215496368,0.078651685,0.247191011,0.06640625,0,0.2995,0.4082,0.2923,0.215,0.4444,0.3406,6885
2018,"Martin Maldonado","2 Tms",404,1.076923076,0.211678832,0.408759124,0.379562043,0.086538461,0.086538461,0.044642857,0,0.448,0.2903,0.2616,0.1649,0.5197,0.3154,6887
2018,"Yadier Molina","STL",503,1.054421768,0.24120603,0.389447236,0.369346733,0.074829931,0.136054421,0.038709677,0,0.4962,0.2932,0.2105,0.1328,0.4236,0.4436,7007
2018,"Caleb Joseph","BAL",280,1.052631578,0.208121827,0.40609137,0.385786802,0.039473684,0.039473684,0.0625,0.5,0.3819,0.3317,0.2864,0.1558,0.603,0.2412,7087
2018,"Logan Forsythe","2 Tms",416,1.516129032,0.190311418,0.487889273,0.321799307,0.05376344,0.021505376,0.078014184,0,0.3702,0.3253,0.3045,0.1488,0.5121,0.3391,7185
2018,"Matt Davidson","CHW",496,1.027522935,0.1875,0.411764705,0.400735294,0.119266055,0.183486238,0.044642857,0,0.386,0.3493,0.2647,0.1801,0.4265,0.3934,7226
2018,"Carlos Gonzalez","COL",504,1.333333333,0.162393162,0.478632478,0.358974358,0.119047619,0.126984126,0.083333333,1,0.3399,0.3938,0.2663,0.2125,0.4363,0.3513,7287
2018,"Salvador Perez","KCR",544,0.770491803,0.203931203,0.346437346,0.449631449,0.087431693,0.147540983,0.028368794,0,0.4668,0.3342,0.199,0.1204,0.4201,0.4595,7304
2018,"Ben Zobrist","CHC",520,1.586776859,0.215538847,0.481203007,0.303258145,0.049586776,0.074380165,0.046875,0.5,0.4715,0.3151,0.2134,0.1191,0.5261,0.3548,7435
2018,"Alex Avila","ARI",234,1.677419354,0.216981132,0.490566037,0.29245283,0,0.225806451,0,0,0.5,0.2736,0.2264,0.1226,0.3679,0.5094,7476
2018,"Neil Walker","NYY",398,0.960396039,0.24137931,0.371647509,0.38697318,0.04950495,0.108910891,0.051546391,0.333333333,0.4508,0.3182,0.2311,0.1742,0.447,0.3788,7539
2018,"Mark Reynolds","WSN",235,0.983333333,0.179310344,0.406896551,0.413793103,0.166666666,0.216666666,0.101694915,0,0.4828,0.3379,0.1793,0.1724,0.469,0.3586,7619
2018,"Miguel Rojas","MIA",528,1.609756097,0.237529691,0.470308788,0.29216152,0.146341463,0.089430894,0.05050505,0.25,0.3271,0.3765,0.2965,0.2,0.5318,0.2682,7802
2018,"Charlie Blackmon","COL",696,1.298780487,0.232179226,0.433808553,0.334012219,0.048780487,0.176829268,0.046948356,0.5,0.4081,0.3697,0.2222,0.1596,0.4828,0.3576,7859
2018,"Jonathan Lucroy","OAK",454,1.25210084,0.247191011,0.418539325,0.334269662,0.134453781,0.033613445,0.026845637,0,0.3249,0.4006,0.2745,0.1793,0.4734,0.3473,7870
2018,"Tim Beckham","BAL",402,1.404494382,0.204460966,0.464684014,0.330855018,0.06741573,0.13483146,0.08,0.333333333,0.4265,0.3419,0.2316,0.2206,0.4743,0.3051,7949
2018,"Jose Martinez","STL",590,1.666666666,0.260969976,0.461893764,0.277136258,0.033333333,0.141666666,0.065,0,0.3241,0.3287,0.3471,0.1402,0.4552,0.4046,7996
2018,"Hanley Ramirez","BOS",195,1.489795918,0.152777777,0.506944444,0.340277777,0.163265306,0.122448979,0.02739726,0,0.3819,0.3681,0.25,0.1806,0.5069,0.3125,8001
2018,"Matt Carpenter","STL",677,0.563829787,0.266832917,0.264339152,0.46882793,0.021276595,0.191489361,0.056603773,0.888888888,0.4829,0.2927,0.2244,0.0927,0.4171,0.4902,8090
2018,"Josh Harrison","PIT",374,1.009708737,0.25,0.376811594,0.373188405,0.106796116,0.077669902,0.076923076,0.571428571,0.4594,0.3004,0.2403,0.1837,0.4876,0.3286,8202
2018,"Dee Gordon","SEA",588,2.466019417,0.223913043,0.552173913,0.223913043,0.048543689,0.038834951,0.102362204,0.333333333,0.3286,0.3633,0.3082,0.2,0.5959,0.2041,8203
2018,"Hunter Pence","SFG",248,1.711538461,0.207865168,0.5,0.292134831,0.192307692,0.076923076,0.13483146,0,0.3315,0.3652,0.3034,0.2472,0.4494,0.3034,8252
2018,"Kurt Suzuki","ATL",388,0.859375,0.232258064,0.354838709,0.412903225,0.09375,0.09375,0.045454545,0,0.5258,0.2903,0.1839,0.1516,0.4613,0.3871,8259
2018,"Chris Iannetta","COL",360,0.976190476,0.227906976,0.381395348,0.390697674,0.083333333,0.13095238,0.036585365,0,0.4213,0.3102,0.2685,0.1389,0.4722,0.3889,8267
2018,"Denard Span","2 Tms",501,1.2,0.264623955,0.401114206,0.334261838,0.1,0.091666666,0.027777777,0.5,0.3836,0.3068,0.3096,0.1918,0.4986,0.3096,8347
2018,"Daniel Descalso","ARI",423,0.649122807,0.235772357,0.300813008,0.463414634,0.131578947,0.114035087,0.081081081,0,0.4919,0.2927,0.2154,0.1585,0.4106,0.4309,8392
2018,"Ehire Adrianza","MIN",366,1.010869565,0.254032258,0.375,0.370967741,0.086956521,0.065217391,0.064516129,0.272727272,0.4517,0.332,0.2162,0.1737,0.4633,0.3629,8418
2018,"Gerardo Parra","COL",443,1.648351648,0.249221183,0.467289719,0.283489096,0.021978021,0.065934065,0.046666666,0.7,0.3625,0.3384,0.2991,0.139,0.5196,0.3414,8553
2018,"Kendrys Morales","TOR",471,1.264957264,0.179566563,0.458204334,0.362229102,0.034188034,0.179487179,0.013513513,0,0.3715,0.3591,0.2693,0.1362,0.4582,0.4056,8610
2018,"Elvis Andrus","TEX",428,1.601941747,0.190332326,0.498489425,0.311178247,0.126213592,0.058252427,0.072727272,0,0.4199,0.3142,0.2659,0.1813,0.4804,0.3384,8709
2018,"Justin Smoak","TOR",594,0.926666666,0.178977272,0.394886363,0.426136363,0.073333333,0.166666666,0.050359712,0,0.4915,0.2955,0.2131,0.1449,0.517,0.3381,9054
2018,"Lorenzo Cain","MIL",620,2.368932038,0.223713646,0.545861297,0.230425055,0.067961165,0.097087378,0.110655737,0,0.2975,0.3736,0.3289,0.1812,0.4362,0.3826,9077
2018,"Khris Davis","OAK",654,0.72361809,0.159313725,0.352941176,0.487745098,0.070351758,0.24120603,0.041666666,0,0.3578,0.402,0.2402,0.1078,0.4387,0.4534,9112
2018,"Tyler Flowers","ATL",296,1.106060606,0.210227272,0.414772727,0.375,0.075757575,0.121212121,0.09589041,0,0.4545,0.3409,0.2045,0.125,0.3864,0.4886,9134
2018,"Buster Posey","SFG",448,1.523364485,0.221902017,0.469740634,0.308357348,0.028037383,0.046728971,0.067484662,0,0.3372,0.3833,0.2795,0.1383,0.4986,0.3631,9166
2018,"Logan Morrison","MIN",359,0.705357142,0.190677966,0.334745762,0.474576271,0.133928571,0.133928571,0,0.333333333,0.4728,0.2971,0.2301,0.1841,0.4393,0.3766,9205
2018,"Paul Goldschmidt","ARI",690,1.058823529,0.25,0.385714285,0.364285714,0.117647058,0.215686274,0.074074074,0,0.3786,0.3643,0.2571,0.169,0.369,0.4619,9218
2018,"Starling Marte","PIT",606,1.573426573,0.171171171,0.506756756,0.322072072,0.069930069,0.139860139,0.106666666,0.5,0.4031,0.3502,0.2467,0.196,0.4692,0.3348,9241
2018,"A.J. Pollock","ARI",460,1.097560975,0.19375,0.421875,0.384375,0.081300813,0.170731707,0.074074074,1,0.486,0.3271,0.1869,0.1121,0.4424,0.4455,9256
2018,"Chris Davis","BAL",522,1.009090909,0.210714285,0.396428571,0.392857142,0.054545454,0.145454545,0.054054054,0,0.4078,0.3227,0.2695,0.1312,0.5071,0.3617,9272
2018,"Brock Holt","BOS",367,2.081967213,0.241935483,0.512096774,0.245967741,0.06557377,0.114754098,0.05511811,1,0.432,0.316,0.252,0.188,0.52,0.292,9345
2018,"Evan Longoria","SFG",512,1.086666666,0.184895833,0.424479166,0.390625,0.1,0.106666666,0.055214723,0,0.4193,0.3229,0.2578,0.1563,0.4323,0.4115,9368
2018,"Matt Adams","2 Tms",337,0.778846153,0.206008583,0.347639484,0.446351931,0.10576923,0.201923076,0.074074074,0,0.4807,0.3004,0.2189,0.1845,0.4249,0.3906,9393
2018,"David Freese","2 Tms",312,1.981818181,0.222748815,0.516587677,0.260663507,0.054545454,0.2,0.091743119,0,0.3602,0.3365,0.3033,0.1611,0.4787,0.3602,9549
2018,"Yan Gomes","CLE",435,0.77118644,0.271777003,0.31707317,0.411149825,0.127118644,0.13559322,0.087912087,0,0.4286,0.324,0.2474,0.1394,0.4286,0.4321,9627
2018,"Justin Bour","2 Tms",501,1.229357798,0.19,0.446666666,0.363333333,0.165137614,0.183486238,0.022388059,0.5,0.4172,0.3642,0.2185,0.2285,0.3974,0.3742,9744
2018,"Christian Vazquez","BOS",269,1.171052631,0.214285714,0.423809523,0.361904761,0.065789473,0.039473684,0.033707865,0,0.3318,0.3175,0.3507,0.1801,0.545,0.2749,9774
2018,"Jason Kipnis","CLE",601,0.752688172,0.216346153,0.336538461,0.447115384,0.102150537,0.096774193,0.035714285,0.666666666,0.3934,0.3649,0.2417,0.1919,0.4597,0.3483,9776
2018,"Nolan Arenado","COL",673,1.027173913,0.213080168,0.398734177,0.388185654,0.119565217,0.206521739,0.042328042,0,0.3979,0.3684,0.2337,0.1537,0.4168,0.4295,9777
2018,"Kyle Seager","SEA",630,0.76,0.214285714,0.339285714,0.446428571,0.085,0.11,0.032894736,0,0.441,0.3563,0.2027,0.1114,0.5189,0.3697,9785
2018,"Brian Dozier","2 Tms",632,0.903743315,0.168224299,0.394859813,0.436915887,0.171122994,0.112299465,0.071005917,1,0.4988,0.338,0.1632,0.1702,0.4569,0.373,9810
2018,"Andrew McCutchen","2 Tms",682,1.155844155,0.229698375,0.412993039,0.357308584,0.09090909,0.129870129,0.073033707,0,0.4385,0.3643,0.1972,0.1346,0.4316,0.4339,9847
2018,"Austin Jackson","2 Tms",375,1.5,0.228971962,0.462616822,0.308411214,0.045454545,0.045454545,0.09090909,0,0.3488,0.4279,0.2233,0.1116,0.5814,0.307,9848
2018,"DJ LeMahieu","COL",581,1.681481481,0.209606986,0.495633187,0.294759825,0.029629629,0.111111111,0.061674008,0,0.2978,0.4065,0.2957,0.163,0.487,0.35,9874
2018,"Jay Bruce","NYM",361,0.589743589,0.237704918,0.282786885,0.479508196,0.051282051,0.076923076,0,0,0.4508,0.3648,0.1844,0.1598,0.5082,0.332,9892
2018,"Brett Gardner","NYY",609,1.457746478,0.178823529,0.487058823,0.334117647,0.098591549,0.084507042,0.111111111,0.428571428,0.3611,0.3727,0.2662,0.1944,0.5301,0.2755,9927
2018,"Steve Pearce","2 Tms",251,1.222222222,0.204545454,0.4375,0.357954545,0.111111111,0.174603174,0.09090909,0,0.5398,0.2898,0.1705,0.1648,0.4659,0.3693,9957
2018,"Chris Owings","ARI",309,1.025316455,0.22330097,0.393203883,0.383495145,0.126582278,0.050632911,0.098765432,1,0.3702,0.3317,0.2981,0.1779,0.4327,0.3894,10030
2018,"Wil Myers","SDP",343,1.507936507,0.275229357,0.435779816,0.288990825,0.063492063,0.174603174,0.126315789,1,0.5023,0.3333,0.1644,0.1233,0.411,0.4658,10047
2018,"Max Stassi","HOU",250,1.688888888,0.176870748,0.517006802,0.306122448,0.133333333,0.177777777,0.065789473,0,0.4558,0.3741,0.1701,0.2109,0.4286,0.3605,10059
2018,"Jonathan Villar","2 Tms",515,2.294871794,0.196875,0.559375,0.24375,0.102564102,0.179487179,0.100558659,0.545454545,0.3837,0.3535,0.2628,0.2326,0.4592,0.3082,10071
2018,"Mike Trout","LAA",608,0.691823899,0.233618233,0.313390313,0.452991452,0.094339622,0.245283018,0.1,0,0.4017,0.3732,0.2251,0.1595,0.396,0.4444,10155
2018,"Billy Hamilton","CIN",556,1.078125,0.269230769,0.379120879,0.351648351,0.171875,0.03125,0.108695652,0.307692307,0.3475,0.3342,0.3183,0.2679,0.5411,0.191,10199
2018,"Tucker Barnhart","CIN",522,1.459459459,0.243767313,0.448753462,0.307479224,0.09009009,0.09009009,0.030864197,0.555555555,0.4432,0.3189,0.2378,0.1324,0.4838,0.3838,10200
2018,"Jose Iglesias","DET",464,1.302325581,0.228571428,0.436363636,0.335064935,0.193798449,0.038759689,0.095238095,0,0.4205,0.341,0.2385,0.2103,0.5205,0.2692,10231
2018,"Randal Grichuk","TOR",462,0.753521126,0.183606557,0.350819672,0.46557377,0.169014084,0.176056338,0.074766355,0,0.4984,0.2689,0.2328,0.2164,0.4197,0.3639,10243
2018,"Brandon Belt","SFG",456,0.507352941,0.288194444,0.239583333,0.472222222,0.044117647,0.102941176,0.101449275,0.666666666,0.398,0.3027,0.2993,0.1735,0.4116,0.415,10264
2018,"Marcell Ozuna","STL",628,1.34939759,0.180672268,0.470588235,0.348739495,0.102409638,0.138554216,0.058035714,0,0.4223,0.3529,0.2248,0.1576,0.3908,0.4517,10324
2018,"Scooter Gennett","CIN",638,1.107784431,0.236442516,0.401301518,0.362255965,0.065868263,0.13772455,0.064864864,0.333333333,0.4047,0.3212,0.2741,0.1563,0.4561,0.3876,10339
2018,"John Ryan Murphy","ARI",223,0.632352941,0.189781021,0.313868613,0.496350364,0.176470588,0.132352941,0.162790697,0.333333333,0.4286,0.2857,0.2857,0.1857,0.4071,0.4071,10346
2018,"Domingo Santana","MIL",235,1.763157894,0.233576642,0.489051094,0.277372262,0.026315789,0.131578947,0.044776119,0,0.3869,0.4161,0.1971,0.1241,0.4745,0.4015,10348
2018,"Adeiny Hechavarria","3 Tms",321,1.021978021,0.248979591,0.379591836,0.371428571,0.054945054,0.065934065,0.05376344,0,0.3482,0.3441,0.3077,0.1619,0.4818,0.3563,10459
2018,"Enrique Hernandez","LAD",462,0.854166666,0.185975609,0.375,0.43902439,0.166666666,0.145833333,0.032520325,0.2,0.4324,0.3514,0.2162,0.1952,0.4505,0.3544,10472
2018,"Derek Dietrich","MIA",551,1.13076923,0.23268698,0.407202216,0.360110803,0.153846153,0.123076923,0.020408163,0,0.4127,0.338,0.2493,0.1939,0.4404,0.3657,10542
2018,"Cesar Hernandez","PHI",708,1.367346938,0.205479452,0.458904109,0.335616438,0.047619047,0.102040816,0.07960199,0.5625,0.4031,0.3216,0.2753,0.2048,0.5551,0.2401,10556
2018,"Corey Dickerson","PIT",533,1.066666666,0.272300469,0.375586854,0.352112676,0.08,0.086666666,0.075,1,0.3107,0.3621,0.3271,0.1776,0.4813,0.3411,10762
2018,"Jurickson Profar","TEX",594,1.278145695,0.218181818,0.438636363,0.343181818,0.125827814,0.132450331,0.07253886,0,0.3977,0.3295,0.2727,0.2023,0.425,0.3727,10815
2018,"Jedd Gyorko","STL",402,1.009090909,0.205035971,0.399280575,0.395683453,0.081818181,0.1,0.036036036,0,0.4388,0.3309,0.2302,0.1619,0.4676,0.3705,10816
2018,"Andrelton Simmons","LAA",600,1.603773584,0.189823874,0.499021526,0.311154598,0.132075471,0.069182389,0.109803921,0.4,0.5097,0.3314,0.1589,0.2132,0.4264,0.3605,10847
2018,"Adam Duvall","2 Tms",427,0.6328125,0.220149253,0.302238805,0.47761194,0.1640625,0.1171875,0.086419753,0,0.4701,0.3321,0.1978,0.1828,0.4515,0.3657,10950
2018,"Greg Garcia","STL",208,1.422222222,0.215827338,0.460431654,0.323741007,0.111111111,0.066666666,0.078125,0.5,0.2857,0.3946,0.3197,0.1905,0.5306,0.2789,10951
2018,"Evan Gattis","HOU",451,0.775510204,0.168789808,0.363057324,0.468152866,0.108843537,0.170068027,0.052631578,0,0.5032,0.2866,0.2102,0.1815,0.4873,0.3312,11003
2018,"Kevin Kiermaier","TBR",367,1.616438356,0.194092827,0.497890295,0.308016877,0.150684931,0.09589041,0.093220338,0.625,0.351,0.3755,0.2735,0.2531,0.4327,0.3143,11038
2018,"Kole Calhoun","LAA",552,1.234375,0.214285714,0.434065934,0.351648351,0.0390625,0.1484375,0.025316455,0,0.4258,0.3516,0.2225,0.1264,0.4286,0.4451,11200
2018,"Adam Eaton","WSN",370,1.8,0.263157894,0.47368421,0.263157894,0.123076923,0.076923076,0.128205128,0.6,0.3191,0.3191,0.3619,0.1868,0.4864,0.3268,11205
2018,"Jonathan Schoop","2 Tms",501,1.234848484,0.182825484,0.451523545,0.365650969,0.196969696,0.159090909,0.067484662,1,0.4325,0.3499,0.2176,0.2314,0.4904,0.2782,11265
2018,"Aaron Altherr","PHI",285,1.37735849,0.181818181,0.474025974,0.344155844,0.150943396,0.150943396,0.08219178,0,0.3831,0.3961,0.2208,0.2143,0.4156,0.3701,11270
2018,"Whit Merrifield","KCR",707,0.989130434,0.297504798,0.349328214,0.353166986,0.14673913,0.065217391,0.043956043,0.4,0.3365,0.3536,0.3099,0.154,0.4772,0.3688,11281
2018,"Jake Marisnick","HOU",235,0.701754385,0.23015873,0.317460317,0.452380952,0.140350877,0.175438596,0.1,0.4,0.3511,0.3588,0.2901,0.2061,0.5038,0.2901,11339
2018,"Jesus Aguilar","MIL",566,0.863945578,0.236768802,0.353760445,0.409470752,0.061224489,0.238095238,0,0,0.4345,0.3343,0.2312,0.1532,0.4067,0.4401,11342
2018,"Yasmani Grandal","LAD",518,0.984962406,0.172413793,0.410658307,0.416927899,0.112781954,0.180451127,0.022900763,0,0.4828,0.3292,0.1881,0.1975,0.395,0.4075,11368
2018,"Delino DeShields","TEX",393,1.54054054,0.189655172,0.49137931,0.318965517,0.054054054,0.027027027,0.087719298,0.4375,0.3106,0.375,0.3144,0.1932,0.5303,0.2765,11379
2018,"Gary Sanchez","NYY",374,1,0.142857142,0.428571428,0.428571428,0.191919191,0.181818181,0.02020202,0,0.5108,0.3074,0.1818,0.1948,0.4502,0.355,11442
2018,"Mark Canha","OAK",411,0.946428571,0.218637992,0.379928315,0.401433691,0.142857142,0.151785714,0.132075471,0,0.448,0.3405,0.2115,0.1864,0.4409,0.3728,11445
2018,"Tony Wolters","COL",216,2.073170731,0.154362416,0.570469798,0.275167785,0.097560975,0.073170731,0.035294117,0.5,0.3576,0.3377,0.3046,0.1788,0.6093,0.2119,11470
2018,"Dixon Machado","DET",233,1.345454545,0.25,0.430232558,0.319767441,0.072727272,0.018181818,0.027027027,0,0.4343,0.3543,0.2114,0.16,0.52,0.32,11472
2018,"Odubel Herrera","PHI",597,1.202531645,0.183098591,0.446009389,0.370892018,0.139240506,0.139240506,0.078947368,0.25,0.3884,0.3372,0.2744,0.2721,0.4791,0.2488,11476
2018,"Christian Yelich","MIL",651,2.203883495,0.246575342,0.51826484,0.235159817,0.048543689,0.349514563,0.066079295,0.333333333,0.3492,0.381,0.2698,0.1451,0.3787,0.4762,11477
2018,"Michael A. Taylor","WSN",385,1.671428571,0.183406113,0.51091703,0.305676855,0.085714285,0.085714285,0.059829059,0.5,0.3933,0.364,0.2427,0.2008,0.477,0.3222,11489
2018,"Manny Machado","2 Tms",709,0.946666666,0.178236397,0.399624765,0.422138836,0.115555555,0.164444444,0.042253521,0,0.3809,0.3621,0.257,0.1745,0.439,0.3865,11493
2018,"Bryce Harper","WSN",695,1.047619047,0.222222222,0.397932816,0.379844961,0.034013605,0.231292517,0.045454545,0.333333333,0.4231,0.2949,0.2821,0.1179,0.459,0.4231,11579
2018,"Yolmer Sanchez","CHW",662,1.669172932,0.219780219,0.487912087,0.292307692,0.082706766,0.060150375,0.045045045,0.333333333,0.3726,0.3555,0.2719,0.167,0.5503,0.2827,11602
2018,"Willson Contreras","CHC",544,1.691588785,0.172413793,0.520114942,0.307471264,0.102803738,0.093457943,0.077348066,0.222222222,0.4202,0.3137,0.2661,0.2241,0.4874,0.2885,11609
2018,"Rosell Herrera","2 Tms",302,2.571428571,0.215246636,0.565022421,0.219730941,0.061224489,0.020408163,0.039682539,0,0.3884,0.3527,0.2589,0.2009,0.4286,0.3705,11611
2018,"Elias Diaz","PIT",277,1.263157894,0.2,0.446511627,0.353488372,0.131578947,0.131578947,0.03125,0,0.3767,0.3581,0.2651,0.1953,0.4419,0.3628,11680
2018,"Nicholas Castellanos","DET",678,0.98816568,0.288135593,0.353813559,0.358050847,0.029585798,0.136094674,0.083832335,0,0.4492,0.303,0.2479,0.1208,0.4004,0.4788,11737
2018,"Christian Villanueva","SDP",384,0.683760683,0.205645161,0.322580645,0.471774193,0.162393162,0.17094017,0.025,0,0.5,0.3024,0.1976,0.2339,0.4435,0.3226,11738
2018,"J.T. Realmuto","MIA",531,1.063829787,0.22811671,0.397877984,0.374005305,0.106382978,0.14893617,0.093333333,0,0.4509,0.3528,0.1963,0.1804,0.435,0.3846,11739
2018,"Leonys Martin","2 Tms",353,0.785046728,0.176724137,0.362068965,0.461206896,0.093457943,0.102803738,0.095238095,0.636363636,0.4444,0.3004,0.2551,0.1893,0.4321,0.3786,11846
2018,"Tyler Austin","2 Tms",268,1,0.236842105,0.381578947,0.381578947,0.051724137,0.293103448,0.017241379,0,0.3816,0.3421,0.2763,0.1382,0.5,0.3618,11850
2018,"Ronny Rodriguez","DET",206,1.2,0.176870748,0.448979591,0.374149659,0.181818181,0.09090909,0.075757575,0.142857142,0.4156,0.3571,0.2273,0.2273,0.4221,0.3506,11875
2018,"Joc Pederson","LAD",443,0.904411764,0.169871794,0.394230769,0.435897435,0.102941176,0.183823529,0.040650406,0,0.4268,0.3439,0.2293,0.1561,0.4236,0.4204,11899
2018,"Joe Panik","SFG",392,1.612244897,0.228915662,0.475903614,0.295180722,0.081632653,0.040816326,0.031645569,0,0.3844,0.3333,0.2823,0.1832,0.5045,0.3123,11936
2018,"Travis Shaw","MIL",587,0.84,0.180661577,0.374045801,0.44529262,0.097142857,0.182857142,0.034013605,0.75,0.4584,0.3249,0.2166,0.199,0.403,0.398,11982
2018,"Niko Goodrum","DET",492,1.339805825,0.227564102,0.442307692,0.330128205,0.048543689,0.155339805,0.094202898,1,0.4045,0.3121,0.2834,0.1592,0.4745,0.3662,12092
2018,"Max Kepler","MIN",611,0.81773399,0.159453302,0.378132118,0.462414578,0.108374384,0.098522167,0.042168674,0,0.4305,0.3235,0.246,0.1936,0.4351,0.3713,12144
2018,"Nick Ahmed","ARI",564,1.176056338,0.244498777,0.408312958,0.347188264,0.084507042,0.112676056,0.029940119,0.5,0.3898,0.3632,0.247,0.1719,0.4358,0.3923,12147
2018,"Eddie Rosario","MIN",592,0.81,0.202643171,0.356828193,0.440528634,0.115,0.12,0.061728395,0.5,0.4345,0.3319,0.2336,0.1747,0.4607,0.3646,12155
2018,"Austin Barnes","LAD",238,2.058823529,0.2,0.538461538,0.261538461,0.088235294,0.117647058,0.1,0.25,0.4552,0.3358,0.209,0.2239,0.4627,0.3134,12158
2018,"Ben Gamel","SEA",293,1.69090909,0.248730964,0.472081218,0.279187817,0.036363636,0.018181818,0.05376344,0,0.3706,0.3299,0.2995,0.1371,0.599,0.264,12160
2018,"Xander Bogaerts","BOS",580,1.216216216,0.211538461,0.432692307,0.35576923,0.108108108,0.155405405,0.088888888,0,0.4341,0.3477,0.2182,0.1655,0.4556,0.3789,12161
2018,"Miguel Sano","MIN",299,1.063492063,0.150326797,0.437908496,0.411764705,0.079365079,0.206349206,0.119402985,0,0.4248,0.3333,0.2418,0.1503,0.4248,0.4248,12164
2018,"Jorge Bonifacio","KCR",270,0.788732394,0.234939759,0.337349397,0.427710843,0.169014084,0.056338028,0.053571428,0,0.4821,0.3333,0.1845,0.1548,0.4881,0.3571,12174
2018,"Maikel Franco","PHI",465,1.46031746,0.171122994,0.491978609,0.336898395,0.19047619,0.174603174,0.048913043,0,0.4439,0.3396,0.2166,0.2834,0.4412,0.2754,12179
2018,"Jorge Alfaro","PHI",377,1.65,0.231884057,0.478260869,0.289855072,0.033333333,0.166666666,0.111111111,0,0.2802,0.401,0.3188,0.1449,0.4783,0.3768,12180
2018,"Scott Schebler","CIN",430,1.642857142,0.215547703,0.487632508,0.296819787,0.083333333,0.202380952,0.057971014,0,0.4488,0.3463,0.2049,0.159,0.4594,0.3816,12225
2018,"Rougned Odor","TEX",535,1.045801526,0.195195195,0.411411411,0.393393393,0.114503816,0.13740458,0.05839416,0.428571428,0.4661,0.3588,0.1751,0.1497,0.3983,0.452,12282
2018,"Cory Spangenberg","SDP",329,1.934782608,0.27027027,0.481081081,0.248648648,0.02173913,0.152173913,0.11235955,0.444444444,0.3351,0.3608,0.3041,0.1701,0.4742,0.3557,12294
2018,"Jace Peterson","2 Tms",246,1.411764705,0.185430463,0.476821192,0.337748344,0.098039215,0.058823529,0.027777777,0.333333333,0.4026,0.2987,0.2987,0.1494,0.5714,0.2792,12325
2018,"Tommy La Stella","CHC",192,2.272727272,0.239436619,0.528169014,0.232394366,0.09090909,0.03030303,0.04,0,0.4577,0.2887,0.2535,0.2042,0.4859,0.3099,12371
2018,"Kevin Pillar","TOR",542,0.943037974,0.265550239,0.35645933,0.37799043,0.177215189,0.094936708,0.080536912,0.5,0.4071,0.35,0.2429,0.2143,0.4452,0.3405,12434
2018,"Kolten Wong","STL",407,1.568181818,0.19858156,0.489361702,0.312056737,0.147727272,0.102272727,0.094202898,0.2,0.404,0.3543,0.2417,0.2152,0.5033,0.2815,12532
2018,"Marcus Semien","OAK",703,1.031088082,0.228346456,0.391732283,0.379921259,0.113989637,0.077720207,0.100502512,0,0.4667,0.3059,0.2275,0.1843,0.4902,0.3255,12533
2018,"C.J. Cron","TBR",560,1.035714285,0.210526315,0.401662049,0.387811634,0.185714285,0.214285714,0.055172413,0,0.4543,0.3352,0.2105,0.2133,0.3906,0.3961,12546
2018,"John Hicks","DET",312,1.129870129,0.192118226,0.428571428,0.379310344,0.142857142,0.116883116,0.103448275,1,0.3544,0.3592,0.2864,0.2039,0.4272,0.3689,12547
2018,"Eugenio Suarez","CIN",606,1.034482758,0.245524296,0.383631713,0.370843989,0.027586206,0.234482758,0.06,0,0.4271,0.3581,0.2148,0.0844,0.4297,0.4859,12552
2018,"Trevor Story","COL",656,0.795698924,0.226851851,0.342592592,0.430555555,0.102150537,0.198924731,0.141891891,0,0.4332,0.3433,0.2235,0.159,0.3963,0.4447,12564
2018,"Brad Miller","2 Tms",254,0.983333333,0.201342281,0.395973154,0.402684563,0.066666666,0.116666666,0.050847457,1,0.34,0.42,0.24,0.1867,0.3933,0.42,12775
2018,"George Springer","HOU",620,1.428571428,0.16,0.494117647,0.345882352,0.081632653,0.149659863,0.104761904,0,0.3976,0.3694,0.2329,0.1765,0.4894,0.3341,12856
2018,"James McCann","DET",457,0.975409836,0.222580645,0.383870967,0.393548387,0.139344262,0.06557377,0.025210084,0,0.3323,0.3738,0.2939,0.1725,0.4633,0.3642,12859
2018,"Anthony Rendon","WSN",597,0.747474747,0.237885462,0.325991189,0.436123348,0.106060606,0.121212121,0.047297297,1,0.4022,0.3275,0.2703,0.1451,0.4769,0.378,12861
2018,"Gregory Polanco","PIT",535,0.694610778,0.186781609,0.333333333,0.479885057,0.119760479,0.13772455,0.068965517,1,0.4571,0.3457,0.1971,0.2,0.46,0.34,12907
2018,"Francisco Lindor","CLE",745,0.981818181,0.215827338,0.388489208,0.395683453,0.104545454,0.172727272,0.069444444,0.5,0.4036,0.3464,0.25,0.1607,0.4232,0.4161,12916
2018,"Alen Hanson","SFG",310,1.078651685,0.166666666,0.432432432,0.4009009,0.101123595,0.08988764,0.083333333,0.142857142,0.5109,0.3144,0.1747,0.2096,0.5197,0.2707,12926
2018,"Brandon Nimmo","NYM",535,1.350515463,0.216494845,0.450171821,0.333333333,0.12371134,0.175257731,0.06870229,1,0.4471,0.3208,0.2321,0.1843,0.4437,0.372,12927
2018,"Austin Hedges","SDP",326,0.870967741,0.183098591,0.38028169,0.436619718,0.118279569,0.150537634,0.086419753,0,0.4813,0.3318,0.1869,0.2523,0.3785,0.3692,12976
2018,"Javier Baez","CHC",645,1.414285714,0.221198156,0.456221198,0.322580645,0.114285714,0.242857142,0.126262626,0.4,0.4054,0.3333,0.2613,0.1937,0.4482,0.3581,12979
2018,"Jackie Bradley Jr.","BOS",535,1.186991869,0.206489675,0.430678466,0.362831858,0.06504065,0.105691056,0.08219178,0.5,0.4516,0.3431,0.2053,0.0997,0.4897,0.4106,12984
2018,"Teoscar Hernandez","TOR",523,0.833333333,0.199367088,0.36392405,0.43670886,0.101449275,0.159420289,0.069565217,0,0.3766,0.3608,0.2627,0.1582,0.4684,0.3734,13066
2018,"Mikie Mahtook","DET",250,1.166666666,0.182389937,0.440251572,0.37735849,0.133333333,0.15,0.114285714,1,0.475,0.3,0.225,0.2063,0.5313,0.2625,13130
2018,"Josh Bell","PIT",583,1.492307692,0.19,0.485,0.325,0.092307692,0.092307692,0.082474226,0,0.3383,0.3756,0.2861,0.1915,0.4701,0.3383,13145
2018,"Jorge Polanco","MIN",333,0.943820224,0.26068376,0.358974358,0.38034188,0.11235955,0.06741573,0.107142857,0.444444444,0.3827,0.3045,0.3128,0.2222,0.4568,0.321,13152
2018,"Nicky Delmonico","CHW",318,1.036144578,0.175609756,0.419512195,0.404878048,0.120481927,0.096385542,0.011627906,0,0.4049,0.3073,0.2878,0.1805,0.522,0.2976,13157
2018,"Blake Swihart","BOS",207,1.098039215,0.207407407,0.414814814,0.377777777,0.078431372,0.058823529,0.071428571,0,0.4074,0.3037,0.2889,0.1926,0.5111,0.2963,13176
2018,"Orlando Arcia","MIL",366,2.181818181,0.189189189,0.555984555,0.254826254,0.106060606,0.045454545,0.083333333,0.5,0.327,0.4487,0.2243,0.2624,0.4829,0.2548,13185
2018,"Mike Zunino","SEA",405,0.848484848,0.186666666,0.373333333,0.44,0.131313131,0.202020202,0.071428571,0,0.5867,0.2178,0.1956,0.1778,0.4267,0.3956,13265
2018,"Joey Rickard","BAL",230,0.820895522,0.217948717,0.352564102,0.429487179,0.149253731,0.119402985,0.127272727,0,0.4177,0.3418,0.2405,0.2278,0.481,0.2911,13277
2018,"Max Muncy","LAD",481,0.764705882,0.207547169,0.343396226,0.449056603,0.058823529,0.294117647,0.054945054,0,0.4474,0.312,0.2406,0.1241,0.4023,0.4737,13301
2018,"Jake Lamb","ARI",238,1.666666666,0.178082191,0.51369863,0.308219178,0.022222222,0.133333333,0.106666666,0,0.4384,0.2945,0.2671,0.1849,0.3904,0.4247,13329
2018,"Omar Narvaez","CHW",322,1.451612903,0.289719626,0.420560747,0.289719626,0.064516129,0.14516129,0.044444444,0,0.3456,0.3733,0.2811,0.1797,0.5346,0.2857,13338
2018,"Luke Maile","TOR",231,1.340425531,0.197080291,0.459854014,0.343065693,0.127659574,0.063829787,0.079365079,0,0.4307,0.3358,0.2336,0.1752,0.4818,0.3431,13355
2018,"Stephen Piscotty","OAK",605,1.361111111,0.221967963,0.448512585,0.32951945,0.048611111,0.1875,0.076530612,0,0.3936,0.3684,0.238,0.1281,0.4462,0.4256,13367
2018,"Jose Ramirez","CLE",698,0.727272727,0.206759443,0.333996023,0.459244532,0.129870129,0.168831168,0.077380952,0,0.5,0.3016,0.1984,0.1825,0.4563,0.3611,13510
2018,"Jesse Winker","CIN",334,1.240506329,0.240343347,0.420600858,0.339055793,0.088607594,0.088607594,0.051020408,0.5,0.3713,0.3713,0.2574,0.1181,0.443,0.4388,13590
2018,"Jose Peraza","CIN",683,0.961352657,0.255045871,0.365137614,0.379816513,0.077294685,0.06763285,0.08040201,0.32,0.3526,0.3596,0.2877,0.1877,0.5175,0.2947,13593
2018,"Mallex Smith","TBR",544,1.957894736,0.248663101,0.497326203,0.254010695,0.052631578,0.021052631,0.139784946,0.235294117,0.289,0.3785,0.3325,0.1918,0.5371,0.2711,13608
2018,"Mookie Betts","BOS",614,0.753846153,0.211981566,0.338709677,0.449308755,0.092307692,0.164102564,0.095238095,0,0.4724,0.3479,0.1797,0.1221,0.4332,0.4447,13611
2018,"Ketel Marte","ARI",580,1.765625,0.197278911,0.512471655,0.290249433,0.109375,0.109375,0.057522123,0,0.3671,0.3919,0.241,0.2095,0.4302,0.3604,13613
2018,"Jeimer Candelario","DET",619,1.025641025,0.177083333,0.416666666,0.40625,0.121794871,0.121794871,0.05625,0,0.4661,0.3021,0.2318,0.2005,0.4479,0.3516,13621
2018,"David Dahl","COL",271,1.04347826,0.229508196,0.393442622,0.37704918,0.028985507,0.231884057,0.041666666,0,0.4536,0.3333,0.2131,0.1585,0.4645,0.377,13744
2018,"Chris Taylor","LAD",604,0.864285714,0.275,0.336111111,0.388888888,0.071428571,0.121428571,0.107438016,0.5,0.3785,0.3425,0.279,0.1326,0.4834,0.384,13757
2018,"Travis Jankowski","SDP",387,2.923076923,0.218390804,0.582375478,0.199233716,0.076923076,0.076923076,0.09868421,0.266666666,0.3442,0.337,0.3188,0.2138,0.529,0.2572,13768
2018,"Adalberto Mondesi","KCR",291,1.098591549,0.211640211,0.412698412,0.375661375,0.126760563,0.197183098,0.102564102,0.461538461,0.4158,0.4059,0.1782,0.1782,0.3911,0.4307,13769
2018,"Kevin Plawecki","NYM",277,1.257575757,0.14367816,0.477011494,0.379310344,0.09090909,0.106060606,0.096385542,0,0.4629,0.3486,0.1886,0.1943,0.4514,0.3543,13807
2018,"Matt Duffy","TBR",560,2.654761904,0.253041362,0.542579075,0.204379562,0.083333333,0.047619047,0.062780269,0.5,0.293,0.3777,0.3293,0.1429,0.5472,0.3099,13836
2018,"Joey Wendle","TBR",545,1.426356589,0.2175,0.46,0.3225,0.108527131,0.054263565,0.04347826,0.666666666,0.3598,0.3424,0.2978,0.1613,0.469,0.3697,13853
2018,"Devon Travis","TOR",378,1.717647058,0.211604095,0.498293515,0.290102389,0.14117647,0.129411764,0.05479452,0,0.3618,0.3276,0.3106,0.2082,0.4881,0.3038,13862
2018,"Addison Russell","CHC",465,1.283018867,0.246105919,0.423676012,0.330218068,0.141509433,0.047169811,0.095588235,0,0.3056,0.4012,0.2932,0.2068,0.5031,0.2901,14106
2018,"Albert Almora Jr.","CHC",479,1.742857142,0.202216066,0.506925207,0.290858725,0.123809523,0.047619047,0.098360655,0.25,0.3821,0.3225,0.2954,0.2331,0.4932,0.2737,14109
2018,"Joey Gallo","TEX",577,0.593103448,0.206185567,0.295532646,0.498281786,0.117241379,0.275862068,0.023255813,1,0.4505,0.314,0.2355,0.1263,0.3891,0.4846,14128
2018,"Greg Bird","NYY",311,0.6875,0.164948453,0.340206185,0.49484536,0.09375,0.114583333,0.015151515,1,0.4697,0.3283,0.202,0.1313,0.4697,0.399,14131
2018,"Daniel Robertson","TBR",340,1.666666666,0.188405797,0.507246376,0.304347826,0.111111111,0.142857142,0.085714285,0,0.4155,0.3333,0.2512,0.2222,0.43,0.3478,14145
2018,"Carlos Correa","HOU",468,1.231481481,0.201986754,0.44039735,0.357615894,0.092592592,0.138888888,0.067669172,0,0.3477,0.3344,0.3179,0.1788,0.5331,0.2881,14162
2018,"Jorge Soler","KCR",257,1.37735849,0.192307692,0.467948717,0.339743589,0.132075471,0.16981132,0.06849315,0,0.5321,0.2692,0.1987,0.1731,0.3974,0.4295,14221
2018,"Yasiel Puig","LAD",444,1.182608695,0.213166144,0.426332288,0.360501567,0.173913043,0.2,0.088235294,0,0.4188,0.35,0.2313,0.2406,0.375,0.3844,14225
2018,"Mitch Haniger","SEA",683,1.169696969,0.213186813,0.424175824,0.362637362,0.09090909,0.157575757,0.077720207,0,0.4484,0.367,0.1846,0.1604,0.4681,0.3714,14274
2018,"Wilmer Difo","WSN",456,1.254545454,0.236923076,0.424615384,0.338461538,0.136363636,0.063636363,0.036231884,0.25,0.4084,0.3363,0.2553,0.2553,0.5345,0.2102,14320
2018,"Nick Williams","PHI",448,1.372340425,0.244067796,0.437288135,0.318644067,0.053191489,0.180851063,0.015503875,0,0.348,0.402,0.25,0.1689,0.5304,0.3007,14330
2018,"Matt Olson","OAK",660,0.833333333,0.210526315,0.358851674,0.430622009,0.15,0.161111111,0.053333333,0,0.42,0.3389,0.2411,0.1384,0.389,0.4726,14344
2018,"Lewis Brinson","MIA",406,1.658536585,0.167938931,0.519083969,0.312977099,0.073170731,0.134146341,0.095588235,0,0.447,0.3674,0.1856,0.1894,0.4242,0.3864,14352
2018,"Ronald Guzman","TEX",428,1.09,0.217228464,0.4082397,0.374531835,0.1,0.16,0.045871559,0,0.3783,0.3521,0.2697,0.176,0.4944,0.3296,14388
2018,"Jake Cave","MIN",309,1.428571428,0.256830601,0.437158469,0.306010928,0,0.232142857,0.0375,0.333333333,0.3548,0.4301,0.2151,0.086,0.5376,0.3763,14477
2018,"Renato Nunez","2 Tms",261,0.907894736,0.171428571,0.394285714,0.434285714,0.197368421,0.105263157,0.130434782,0,0.4773,0.3068,0.2159,0.233,0.4943,0.2727,14503
2018,"Pedro Severino","WSN",213,1.055555555,0.212765957,0.404255319,0.382978723,0.222222222,0.037037037,0.017543859,0.333333333,0.4861,0.3264,0.1875,0.2292,0.5486,0.2222,14523
2018,"Nomar Mazara","TEX",536,2.07,0.183510638,0.550531914,0.265957446,0.07,0.2,0.082125603,0,0.3803,0.367,0.2527,0.1835,0.4415,0.375,14553
2018,"Franmil Reyes","SDP",285,1.648148148,0.209944751,0.491712707,0.298342541,0.074074074,0.296296296,0.06741573,0,0.337,0.4309,0.232,0.1492,0.4088,0.442,14566
2018,"David Bote","CHC",210,2.354838709,0.181102362,0.574803149,0.244094488,0.064516129,0.193548387,0.123287671,0,0.3543,0.3858,0.2598,0.1811,0.4331,0.3858,14593
2018,"Manuel Margot","SDP",519,1.158620689,0.199488491,0.429667519,0.370843989,0.172413793,0.055172413,0.06547619,0.5,0.3955,0.3552,0.2494,0.2015,0.4055,0.3929,14712
2018,"Phillip Ervin","CIN",247,1.017543859,0.276729559,0.364779874,0.358490566,0.210526315,0.122807017,0,0.333333333,0.3519,0.3025,0.3457,0.1975,0.4568,0.3457,14738
2018,"JaCoby Jones","DET",467,1.29787234,0.239436619,0.429577464,0.330985915,0.14893617,0.117021276,0.090163934,0.166666666,0.4379,0.3448,0.2172,0.1655,0.4724,0.3621,14818
2018,"Tony Kemp","HOU",295,1.393939393,0.233009708,0.446601941,0.320388349,0.06060606,0.09090909,0.076086956,0.333333333,0.493,0.2884,0.2186,0.1674,0.5302,0.3023,14894
2018,"Daniel Palka","CHW",449,1.21,0.162878787,0.458333333,0.378787878,0.1,0.27,0.099173553,0,0.4545,0.3371,0.2083,0.2045,0.4318,0.3636,14897
2018,"Andrew Knapp","PHI",215,1.075,0.258928571,0.383928571,0.357142857,0.05,0.1,0.069767441,0,0.4035,0.4211,0.1754,0.1404,0.5351,0.3246,14942
2018,"Johan Camargo","ATL",524,1.267716535,0.197771587,0.448467966,0.353760445,0.16535433,0.149606299,0.080745341,0,0.4123,0.3343,0.2535,0.1866,0.4513,0.3621,14950
2018,"Victor Caratini","CHC",200,2.176470588,0.228571428,0.528571428,0.242857142,0.029411764,0.058823529,0.054054054,0.5,0.3732,0.4155,0.2113,0.2042,0.5141,0.2817,14968
2018,"Johnny Field","2 Tms",233,0.950819672,0.19047619,0.394557823,0.414965986,0.114754098,0.147540983,0.068965517,0.75,0.4172,0.3179,0.2649,0.2119,0.4371,0.351,15048
2018,"Adam Engel","CHW",463,1,0.183673469,0.408163265,0.408163265,0.183333333,0.05,0.1,0.571428571,0.4545,0.3084,0.237,0.25,0.4935,0.2565,15082
2018,"Ryan McMahon","COL",202,1.542857142,0.239316239,0.461538461,0.299145299,0.057142857,0.142857142,0.055555555,1,0.2966,0.4068,0.2966,0.1864,0.4746,0.339,15112
2018,"Hunter Dozier","KCR",388,1.129032258,0.22047244,0.413385826,0.366141732,0.086021505,0.118279569,0.095238095,0,0.4134,0.3189,0.2677,0.1496,0.4016,0.4488,15117
2018,"Trey Mancini","BAL",636,2.060869565,0.188940092,0.546082949,0.264976958,0.069565217,0.208695652,0.046413502,0,0.3802,0.3571,0.2627,0.2028,0.4608,0.3364,15149
2018,"Mitch Garver","MIN",335,1.057471264,0.225108225,0.398268398,0.376623376,0.149425287,0.08045977,0.086956521,0,0.3879,0.3448,0.2672,0.2155,0.3793,0.4052,15161
2018,"Tim Anderson","CHW",606,1.390070921,0.19952494,0.465558194,0.334916864,0.04964539,0.141843971,0.086734693,0.5,0.4444,0.2837,0.2719,0.1844,0.513,0.3026,15172
2018,"Chad Pinder","OAK",333,1.181818181,0.192307692,0.4375,0.370192307,0.09090909,0.168831168,0.032967032,0,0.3774,0.3679,0.2547,0.1321,0.4057,0.4623,15191
2018,"Jake Bauers","TBR",388,1.2125,0.206278026,0.434977578,0.358744394,0.1125,0.1375,0.010309278,0.5,0.511,0.2996,0.1894,0.1498,0.4449,0.4053,15194
2018,"Carlos Asuaje","SDP",218,1.017543859,0.206896551,0.4,0.393103448,0.105263157,0.035087719,0.034482758,0.5,0.4218,0.2993,0.2789,0.1973,0.449,0.3537,15197
2018,"Adam Frazier","PIT",352,1.56626506,0.196226415,0.490566037,0.313207547,0.036144578,0.120481927,0.038461538,0,0.3783,0.3483,0.2734,0.1536,0.4981,0.3483,15223
2018,"Jeff McNeil","NYM",248,0.974683544,0.216080402,0.386934673,0.396984924,0.126582278,0.037974683,0.103896103,0.333333333,0.3561,0.3512,0.2927,0.2195,0.478,0.3024,15362
2018,"Kris Bryant","CHC",457,0.836206896,0.252631578,0.340350877,0.407017543,0.094827586,0.112068965,0.144329896,0,0.4807,0.3193,0.2,0.1895,0.4982,0.3123,15429
2018,"Ryon Healy","SEA",524,1.208633093,0.192105263,0.442105263,0.365789473,0.115107913,0.17266187,0.035714285,0.5,0.4476,0.3482,0.2042,0.1754,0.4817,0.3429,15447
2018,"Hunter Renfroe","SDP",441,0.875,0.197324414,0.374581939,0.428093645,0.15625,0.203125,0.089285714,0,0.4883,0.3311,0.1806,0.1806,0.3478,0.4716,15464
2018,"Victor Reyes","DET",219,2.131578947,0.260869565,0.50310559,0.236024844,0.105263157,0.026315789,0.061728395,0.571428571,0.3393,0.3333,0.3274,0.1964,0.4583,0.3452,15487
2018,"Amed Rosario","NYM",592,1.674418604,0.208715596,0.495412844,0.295871559,0.116279069,0.069767441,0.050925925,0.4,0.3492,0.4127,0.2381,0.2041,0.5193,0.2766,15518
2018,"Tyler White","HOU",237,0.913043478,0.185185185,0.388888888,0.425925925,0.144927536,0.173913043,0.063492063,0,0.4198,0.3765,0.2037,0.2099,0.463,0.3272,15564
2018,"Aaron Judge","NYY",498,1.193548387,0.233082706,0.417293233,0.34962406,0.05376344,0.29032258,0.09009009,0,0.4023,0.312,0.2857,0.1353,0.3835,0.4812,15640
2018,"Austin Meadows","2 Tms",191,1.115384615,0.214285714,0.414285714,0.371428571,0.076923076,0.115384615,0.137931034,0,0.3929,0.3643,0.2429,0.2,0.4286,0.3714,15672
2018,"Jose Abreu","CHW",553,1.277372262,0.212121212,0.441919191,0.345959595,0.138686131,0.160583941,0.057142857,0,0.3914,0.399,0.2096,0.1717,0.4495,0.3788,15676
2018,"Miguel Andujar","NYY",606,1.226744186,0.202083333,0.439583333,0.358333333,0.145348837,0.156976744,0.109004739,0,0.475,0.2917,0.2333,0.1938,0.4458,0.3604,15878
2018,"Aledmys Diaz","TOR",452,0.986666666,0.181318681,0.406593406,0.412087912,0.113333333,0.12,0.121621621,0,0.4698,0.3077,0.2225,0.1923,0.489,0.3187,15937
2018,"Willy Adames","TBR",323,1.711864406,0.175257731,0.520618556,0.304123711,0.084745762,0.169491525,0.128712871,0,0.3776,0.352,0.2704,0.1735,0.4796,0.3469,15986
2018,"Cody Bellinger","LAD",632,0.993902439,0.198529411,0.399509803,0.401960784,0.164634146,0.152439024,0.110429447,0,0.4523,0.3203,0.2274,0.1809,0.4181,0.401,15998
2018,"Austin Slater","SFG",225,3.904761904,0.207692307,0.63076923,0.161538461,0.142857142,0.047619047,0.048780487,0,0.2901,0.3511,0.3588,0.2061,0.4198,0.374,16153
2018,"Trea Turner","WSN",740,1.482558139,0.178846153,0.490384615,0.33076923,0.127906976,0.110465116,0.098039215,0.571428571,0.4307,0.3539,0.2154,0.1873,0.4981,0.3146,16252
2018,"Yairo Munoz","STL",329,2.326923076,0.224215246,0.542600896,0.233183856,0.019230769,0.153846153,0.066115702,1,0.3795,0.3616,0.2589,0.1518,0.4777,0.3705,16313
2018,"Michael Conforto","NYM",638,1.197183098,0.195876288,0.438144329,0.365979381,0.084507042,0.197183098,0.076470588,0,0.4304,0.317,0.2526,0.1778,0.4639,0.3582,16376
2018,"Rhys Hoskins","PHI",660,0.563380281,0.191747572,0.291262135,0.516990291,0.112676056,0.159624413,0.091666666,0,0.5,0.3107,0.1893,0.199,0.4563,0.3447,16472
2018,"Kyle Schwarber","CHC",510,1.179245283,0.192307692,0.437062937,0.37062937,0.094339622,0.245283018,0.048,0.6,0.4364,0.3333,0.2302,0.1684,0.4296,0.4021,16478
2018,"Matt Chapman","OAK",616,1.025316455,0.203980099,0.402985074,0.393034825,0.139240506,0.151898734,0.055555555,0,0.4045,0.3499,0.2457,0.1613,0.4069,0.4318,16505
2018,"Isiah Kiner-Falefa","TEX",396,2.173913043,0.252559726,0.511945392,0.23549488,0.101449275,0.057971014,0.053333333,0.142857142,0.3867,0.3167,0.2967,0.1833,0.5233,0.2933,16512
2018,"Ozzie Albies","ATL",684,0.971153846,0.213051823,0.38771593,0.399232245,0.096153846,0.115384615,0.074257425,0.5,0.4478,0.3112,0.241,0.1632,0.4934,0.3435,16556
2018,"Greg Allen","CLE",291,1.637931034,0.242574257,0.470297029,0.287128712,0.086206896,0.034482758,0.063157894,0.2,0.3774,0.3632,0.2594,0.1321,0.5047,0.3632,16623
2018,"Colin Moran","PIT",465,1.525252525,0.262536873,0.445427728,0.292035398,0.04040404,0.111111111,0.059602649,0,0.3765,0.3176,0.3059,0.1529,0.5206,0.3265,16909
2018,"Gleyber Torres","NYY",484,0.768656716,0.245222929,0.328025477,0.426751592,0.082089552,0.179104477,0.058252427,0,0.4222,0.327,0.2508,0.1397,0.4762,0.3841,16997
2018,"Dustin Fowler","OAK",203,1.034482758,0.197278911,0.408163265,0.394557823,0.068965517,0.103448275,0.033333333,0,0.381,0.3333,0.2857,0.1769,0.4286,0.3946,17098
2018,"Yoan Moncada","CHW",650,0.931034482,0.226519337,0.372928176,0.400552486,0.068965517,0.117241379,0.088888888,0.333333333,0.4137,0.3288,0.2575,0.1425,0.4904,0.3671,17232
2018,"Rafael Devers","BOS",490,1.196850393,0.151975683,0.462006079,0.386018237,0.157480314,0.16535433,0.09868421,0.5,0.3716,0.3656,0.2628,0.2054,0.4502,0.3444,17350
2018,"J.T. Riddle","MIA",332,1.619718309,0.231404958,0.475206611,0.293388429,0.112676056,0.126760563,0.04347826,0,0.3796,0.3918,0.2286,0.1837,0.498,0.3184,17642
2018,"Alex Bregman","HOU",705,0.797297297,0.219178082,0.346379647,0.43444227,0.126126126,0.139639639,0.073446327,1,0.4844,0.3242,0.1914,0.1719,0.4746,0.3535,17678
2018,"Andrew Benintendi","BOS",661,1.152941176,0.2375,0.408333333,0.354166666,0.04117647,0.094117647,0.040816326,0,0.3838,0.334,0.2822,0.1369,0.583,0.2801,17901
2018,"Ian Happ","CHC",462,1.047619047,0.225225225,0.396396396,0.378378378,0.059523809,0.178571428,0.056818181,0,0.3604,0.3649,0.2748,0.1757,0.4414,0.3829,17919
2018,"Cedric Mullins II","BAL",191,1.369565217,0.120967741,0.508064516,0.370967741,0.108695652,0.086956521,0.142857142,0.363636363,0.4222,0.3333,0.2444,0.1926,0.5407,0.2667,17929
2018,"Scott Kingery","PHI",484,0.857142857,0.242331288,0.349693251,0.40797546,0.127819548,0.060150375,0.087719298,1,0.4018,0.3686,0.2296,0.2296,0.5045,0.2659,17975
2018,"David Fletcher","LAA",307,1.164705882,0.26693227,0.39442231,0.338645418,0.188235294,0.011764705,0.06060606,0.25,0.4314,0.3216,0.2471,0.2157,0.4941,0.2902,17992
2018,"Paul DeJong","STL",490,0.721428571,0.242138364,0.317610062,0.440251572,0.157142857,0.135714285,0.158415841,0,0.456,0.283,0.261,0.1855,0.4277,0.3868,18015
2018,"Harrison Bader","STL",427,1.188235294,0.267716535,0.397637795,0.334645669,0.14117647,0.14117647,0.178217821,0.166666666,0.4654,0.2962,0.2385,0.2154,0.4077,0.3769,18030
2018,"Brian Anderson","MIA",670,1.818181818,0.196544276,0.518358531,0.285097192,0.06060606,0.083333333,0.0375,0,0.3844,0.3542,0.2613,0.162,0.4557,0.3823,18289
2018,"Dansby Swanson","ATL",533,1.126865671,0.199438202,0.424157303,0.376404494,0.119402985,0.104477611,0.052980132,0.333333333,0.4274,0.3178,0.2548,0.1781,0.4658,0.3562,18314
2018,"Ronald Acuna Jr.","ATL",487,1.073170731,0.182692307,0.423076923,0.394230769,0.089430894,0.211382113,0.083333333,0,0.4377,0.361,0.2013,0.1374,0.4185,0.4441,18401
2018,"Guillermo Heredia","SEA",337,1.29113924,0.233050847,0.432203389,0.334745762,0.11392405,0.063291139,0.058823529,0.23076923,0.4016,0.2892,0.3092,0.2209,0.51,0.2691,18721
2018,"Yuli Gurriel","HOU",573,1.245614035,0.201663201,0.442827442,0.355509355,0.12865497,0.076023391,0.093896713,0,0.4116,0.3638,0.2245,0.183,0.5114,0.3056,19198
2018,"Lourdes Gurriel Jr.","TOR",263,1.301587301,0.236842105,0.431578947,0.331578947,0.031746031,0.174603174,0.060975609,0.666666666,0.4508,0.2694,0.2798,0.1554,0.5389,0.3057,19238
2018,"Shohei Ohtani","LAA",367,1.324324324,0.235555555,0.435555555,0.328888888,0.054054054,0.297297297,0.091836734,0,0.3689,0.3733,0.2578,0.1022,0.4667,0.4311,19755
2018,"Juan Soto","WSN",494,1.865168539,0.174757281,0.537216828,0.288025889,0.078651685,0.247191011,0.042168674,0.714285714,0.3608,0.3639,0.2753,0.2025,0.4494,0.3481,20123