Season,Name,Tm,PA,BB%,K%,BB/K,AVG,OBP,SLG,OPS,ISO,BABIP,wRC,wRAA,wOBA,wRC+,playerId
2018,"Victor Martinez","DET",508,0.062992125,0.096456692,0.653061224,0.250535331,0.297244094,0.353319057,0.650563151,0.102783726,0.259615384,45.51185941165227,-13.873339062278092,0.2812233741084735,74.61849859303015,393
2018,"Adrian Beltre","TEX",481,0.07068607,0.199584199,0.354166666,0.272517321,0.328482328,0.434180138,0.762662466,0.161662817,0.312121212,61.02576407433438,4.796865519294031,0.32692467208197323,98.65986333863627,639
2018,"Todd Frazier","NYM",472,0.101694915,0.237288135,0.428571428,0.213235294,0.302966101,0.389705882,0.692671983,0.176470588,0.241258741,50.114338452158194,-5.062460129918838,0.30155247943416524,92.87763102861597,785
2018,"Albert Pujols","LAA",498,0.056224899,0.130522088,0.43076923,0.24516129,0.289156626,0.410752688,0.699909314,0.165591398,0.247395833,51.97712446727572,-6.239074036695378,0.2993426927412399,90.49376935226785,1177
2018,"Wilson Ramos","2 Tms",416,0.076923076,0.192307692,0.4,0.306282722,0.358173076,0.486910994,0.84508407,0.180628272,0.352941176,64.51021944099648,15.879820690691302,0.3614723053243425,131.1250485287081,1433
2018,"Jose Reyes","NYM",251,0.087649402,0.155378486,0.564102564,0.188596491,0.26,0.320175438,0.580175438,0.131578947,0.21081081,17.051169327554042,-12.290729918423363,0.25467552262616444,61.565922422573664,1736
2018,"Joe Mauer","MIN",543,0.093922651,0.158379373,0.593023255,0.281893004,0.350553505,0.378600823,0.729154328,0.096707819,0.329974811,65.28826794500597,1.8115695762182038,0.31878959655317735,98.4447668616187,1857
2018,"Jose Bautista","3 Tms",399,0.167919799,0.278195488,0.603603603,0.203076923,0.348370927,0.378461538,0.726832465,0.175384615,0.262376237,49.78700371567317,3.1439049142987403,0.32437220838868647,106.63584520919893,1887
2018,"David Peralta","ARI",614,0.078175895,0.201954397,0.387096774,0.292857142,0.35179153,0.516071428,0.867862958,0.223214286,0.328431372,98.6458624456618,26.86926429016329,0.3683428633408468,130.02761823371753,2136
2018,"Edwin Encarnacion","CLE",579,0.10880829,0.227979274,0.477272727,0.246,0.335640138,0.474,0.809640138,0.228,0.265306122,82.578487689274,14.893389428632904,0.3462311326422625,115.27045466107133,2151
2018,"Carlos Santana","PHI",679,0.162002945,0.136966126,1.182795698,0.228571428,0.351988217,0.414285714,0.766273931,0.185714286,0.230598669,89.69911340358054,10.32401544334685,0.3333381812958625,108.87017240076419,2396
2018,"Nelson Cruz","SEA",591,0.093062605,0.20642978,0.450819672,0.256262042,0.34179357,0.50867052,0.85046409,0.252408478,0.264462809,91.33364289318808,22.245744668595872,0.3608406836058906,134.03707419954912,2434
2018,"Lucas Duda","2 Tms",367,0.076294277,0.277929155,0.274509803,0.240853658,0.313351498,0.417682926,0.731034424,0.176829268,0.302325581,43.11950254665652,0.21720364915170942,0.31544492244720457,96.67480716642419,2502
2018,"Yonder Alonso","CLE",574,0.088850174,0.214285714,0.414634146,0.25,0.31707317,0.420542635,0.737615805,0.170542635,0.282666666,69.16010737474281,2.0595090990813403,0.3190982209658331,96.76412408710968,2530
2018,"Zack Cozart","LAA",253,0.075098814,0.166007905,0.452380952,0.21875,0.296442687,0.361607142,0.658049829,0.142857142,0.244444444,24.317788584472364,-5.25791065549689,0.28922483289665857,83.59276067255819,2616
2018,"Brandon Guyer","CLE",221,0.067873303,0.21719457,0.3125,0.206185567,0.3,0.37113402,0.67113402,0.164948453,0.237410071,22.816187477806352,-3.018711858293272,0.2979562133550644,82.34396208945753,2636
2018,"Manny Pina","MIL",337,0.06231454,0.183976261,0.338709677,0.251633986,0.306547619,0.395424836,0.701972455,0.14379085,0.284518828,35.66444618361893,-3.7308528040081,0.3011292933343767,85.46089875210497,2829
2018,"Roberto Perez","CLE",210,0.1,0.333333333,0.3,0.167597765,0.256157635,0.262569832,0.518727467,0.094972067,0.256880733,11.057432481205097,-13.491566887939342,0.235946920998578,40.04977425249678,2900
2018,"Tommy Pham","2 Tms",570,0.117543859,0.245614035,0.478571428,0.275303643,0.366666666,0.463562753,0.830229419,0.18825911,0.342261904,87.13667076425602,20.503672476578256,0.3587070117953797,128.6606887678941,2967
2018,"Mitch Moreland","BOS",459,0.108932461,0.222222222,0.490196078,0.245049504,0.324618736,0.433168316,0.757787052,0.188118812,0.287671232,57.65185990218507,3.994761281055077,0.32536848955655256,100.4060221762068,3086
2018,"Gregor Blanco","SFG",203,0.0591133,0.285714285,0.206896551,0.216931216,0.262376237,0.317460317,0.579836554,0.100529101,0.3,13.678568566769819,-10.052130823403138,0.25400030229351306,58.239439469745335,3123
2018,"Robinson Chirinos","TEX",426,0.105633802,0.328638497,0.321428571,0.222222222,0.338028169,0.419444444,0.757472613,0.197222222,0.303921568,56.28541322924739,6.486014508982955,0.3333634951025108,103.0515404555753,3142
2018,"Shin-Soo Choo","TEX",665,0.138345864,0.234586466,0.589743589,0.264285714,0.376506024,0.433928571,0.810434595,0.169642857,0.329870129,99.8701099763845,22.131611974093786,0.3554958483243637,118.14717965522328,3174
2018,"Robinson Cano","SEA",348,0.091954022,0.135057471,0.680851063,0.303225806,0.373563218,0.470967741,0.844530959,0.167741935,0.329411764,54.59657124667183,13.915372292089616,0.36371625641177846,135.9983934110617,3269
2018,"Charlie Culberson","ATL",322,0.065217391,0.263975155,0.247058823,0.27027027,0.326086956,0.466216216,0.792303172,0.195945946,0.34,42.90218426528494,5.260385232596797,0.33472563641304476,107.78451344833478,3298
2018,"Martin Prado","MIA",209,0.052631578,0.167464114,0.314285714,0.243654822,0.287081339,0.304568527,0.591649866,0.060913705,0.291925465,15.63073694136435,-8.801362430784163,0.2630788062177777,66.32377231507026,3312
2018,"Matt Joyce","OAK",246,0.142276422,0.215447154,0.660377358,0.207729468,0.322448979,0.352657004,0.675105983,0.144927536,0.241610738,25.61183972914243,-3.145559531855341,0.29902573868080423,89.38576453289096,3353
2018,"Nick Hundley","SFG",305,0.072131147,0.278688524,0.258823529,0.241134751,0.298360655,0.407801418,0.706162073,0.166666667,0.310160427,32.90837184103806,-2.7461272427193384,0.30366315326281507,91.41200065935489,3376
2018,"Ryan Braun","MIL",447,0.076062639,0.190156599,0.4,0.254320987,0.313063063,0.469135802,0.782198865,0.214814815,0.273927392,57.89719427936752,5.6428956221886315,0.3301745913837928,104.8618575776519,3410
2018,"Jeff Mathis","ARI",218,0.091743119,0.302752293,0.303030303,0.2,0.2718894,0.271794871,0.543684271,0.071794871,0.292307692,12.79430867329389,-12.689890671817956,0.2433447669501658,46.53448563712836,3448
2018,"Anthony Rizzo","CHC",665,0.105263157,0.120300751,0.875,0.282685512,0.375939849,0.469964664,0.845904513,0.187279152,0.287234042,101.64447413408385,23.90597613179314,0.35876658512995796,125.44703271534404,3473
2018,"Eric Hosmer","SDP",677,0.091580502,0.209748892,0.436619718,0.252854812,0.322008862,0.398042414,0.720051276,0.145187602,0.301762114,76.25891683170165,-2.88238113454018,0.30948100829946584,95.19249906691215,3516
2018,"Rajai Davis","CLE",216,0.050925925,0.222222222,0.229166666,0.224489795,0.278301886,0.280612244,0.55891413,0.056122449,0.29054054,14.033628898220842,-11.216770452899153,0.2510441212721591,50.34700229554928,3708
2018,"Eric Thames","MIL",278,0.104316546,0.348920863,0.298969072,0.218623481,0.305755395,0.477732793,0.783488188,0.259109312,0.283582089,35.92468133068378,3.4264821658163847,0.3298087446358952,104.6174883279253,3711
2018,"Josh Reddick","HOU",487,0.100616016,0.158110882,0.636363636,0.242494226,0.318181818,0.399538106,0.717719924,0.15704388,0.258064516,55.648859836342695,-1.2814387006732193,0.31147453480103904,99.49859890677732,3892
2018,"Melky Cabrera","CLE",278,0.071942446,0.136690647,0.526315789,0.28,0.334532374,0.42,0.754532374,0.14,0.303317535,35.10145155420497,2.6032523893375705,0.3261787936413031,101.5935143179797,4022
2018,"Dexter Fowler","STL",334,0.113772455,0.224550898,0.506666666,0.179930795,0.278443113,0.297577854,0.576020967,0.117647059,0.209523809,24.259537412184862,-14.785061584454386,0.260437337581269,61.63063607667201,4062
2018,"Michael Brantley","CLE",631,0.07606973,0.095087163,0.8,0.308771929,0.364069952,0.468421052,0.832491004,0.159649123,0.318637274,96.4801852747674,22.716287170338155,0.35882986018312757,123.86356915843906,4106
2018,"Gorkys Hernandez","SFG",451,0.059866962,0.250554323,0.238938053,0.234299516,0.285077951,0.391304347,0.676382298,0.157004831,0.28275862,44.25331529908673,-8.468583346075855,0.2916824777743646,83.40944577221924,4146
2018,"Ryan Zimmerman","WSN",323,0.092879256,0.170278637,0.545454545,0.263888888,0.3374613,0.486111111,0.823572411,0.222222223,0.283783783,47.37781688699834,9.619117857314272,0.35120541579234676,118.41519333084446,4220
2018,"Matt Wieters","WSN",271,0.110701107,0.16605166,0.666666666,0.238297872,0.329629629,0.374468085,0.704097714,0.136170213,0.260869565,30.15552155865011,-1.5243776272458092,0.3078047932310497,89.4255203764726,4298
2018,"Joey Votto","CIN",623,0.173354735,0.16211878,1.06930693,0.284294234,0.417335473,0.419483101,0.836818574,0.135188867,0.333333333,100.77449013366484,27.945792005203,0.36968610052931056,130.74166229318897,4314
2018,"Daniel Murphy","2 Tms",351,0.056980056,0.113960113,0.5,0.298780487,0.336182336,0.454268292,0.790450628,0.155487805,0.308243727,47.67800857467847,6.646109629108473,0.33792916700286646,110.35894058329352,4316
2018,"Erik Kratz","MIL",219,0.02739726,0.182648401,0.15,0.236453201,0.279816513,0.354679802,0.634496315,0.118226601,0.264150943,18.967461893306844,-6.633637448800927,0.2775693956865083,69.72394182975779,4403
2018,"Jed Lowrie","OAK",680,0.114705882,0.188235294,0.609375,0.266778523,0.352941176,0.447986577,0.800927753,0.181208054,0.303571428,97.63193175633228,18.13993379910267,0.34740027245435867,122.3802003697337,4418
2018,"Starlin Castro","MIA",647,0.074188562,0.191653786,0.387096774,0.278246205,0.329211746,0.399662731,0.728874477,0.121416526,0.330453563,76.01574152873536,0.3814434723713072,0.31542269469047923,101.28714653488893,4579
2018,"Russell Martin","TOR",352,0.159090909,0.232954545,0.682926829,0.193771626,0.338068181,0.325259515,0.663327696,0.131487889,0.233502538,38.36626418160276,-2.7825347609631574,0.30501003766601736,91.3386804546629,4616
2018,"Curtis Granderson","2 Tms",403,0.133995037,0.263027295,0.509433962,0.241982507,0.350746268,0.43148688,0.782233148,0.189504373,0.311111111,55.86361397918142,8.752915189823286,0.341350345094305,115.5334321884777,4747
2018,"Brian McCann","HOU",216,0.087962962,0.185185185,0.475,0.211640211,0.300925925,0.338624338,0.639550263,0.126984127,0.229166666,20.18474886304132,-5.065650488078673,0.2859521185358365,82.09072620653896,4810
2018,"Jarrod Dyson","ARI",237,0.11392405,0.143459915,0.794117647,0.189320388,0.282051282,0.257281553,0.539332835,0.067961165,0.216374269,14.121877482188246,-13.583421805846193,0.24444369868985538,47.26852284334092,4866
2018,"Carlos Gomez","TBR",408,0.061274509,0.25245098,0.242718446,0.208333333,0.298029556,0.336111111,0.634140667,0.127777778,0.266129032,37.721295389580604,-9.973903384757161,0.28473395872585877,79.93262199497748,4881
2018,"Mike Moustakas","2 Tms",635,0.077165354,0.162204724,0.475728155,0.2513089,0.314960629,0.458987783,0.773948412,0.207678883,0.258928571,81.50196708476443,7.270468992351489,0.3287358081530011,105.22974645169865,4892
2018,"Ender Inciarte","ATL",660,0.074242424,0.13030303,0.569767441,0.264656616,0.324695121,0.380234505,0.704929626,0.115577889,0.293069306,73.7756707964762,-3.3783272208348922,0.3084254620639422,90.21717436358739,4922
2018,"Jason Heyward","CHC",489,0.08588957,0.122699386,0.7,0.270454545,0.335390946,0.395454545,0.730845491,0.125,0.296791443,58.98108598609482,1.816987455087049,0.31925478903288695,99.05492174789981,4940
2018,"Giancarlo Stanton","NYY",705,0.09929078,0.29929078,0.331753554,0.265802269,0.343262411,0.5089141,0.852176511,0.243111831,0.333333333,108.28309403586731,25.868596153739542,0.3596788454055786,127.17656531640796,4949
2018,"Asdrubal Cabrera","2 Tms",592,0.069256756,0.201013513,0.344537815,0.261904761,0.315878378,0.457875457,0.773753835,0.195970696,0.295566502,77.3445114053206,8.139713183732464,0.33152614904539235,111.28038777069307,4962
2018,"Luis Valbuena","LAA",288,0.065972222,0.347222222,0.19,0.19924812,0.253472222,0.334586466,0.588058688,0.135338346,0.276729559,19.116749528414516,-14.550449606412142,0.25276896179768077,58.72759286583492,4969
2018,"Josh Donaldson","2 Tms",219,0.141552511,0.246575342,0.574074074,0.245989304,0.351598173,0.44919786,0.800796033,0.203208556,0.301587301,30.940050456944473,5.338951114836703,0.34476300401072346,117.18428786227578,5038
2018,"Jefry Marte","LAA",209,0.062200956,0.196172248,0.31707317,0.216494845,0.272727272,0.37113402,0.643861292,0.154639175,0.239726027,18.643479929193333,-5.788619442955179,0.2807489582226037,77.81168783776205,5107
2018,"Alex Gordon","KCR",568,0.088028169,0.218309859,0.403225806,0.245059288,0.323943661,0.369565217,0.693508878,0.124505929,0.299191374,61.70297654328093,-4.696221750404981,0.3045649842378941,89.43093481685509,5209
2018,"Justin Upton","LAA",613,0.104404567,0.287112561,0.363636363,0.257035647,0.344208809,0.463414634,0.807623443,0.206378987,0.321321321,88.32763872257712,16.667940564074545,0.34803082418987175,123.70209827627419,5222
2018,"Cameron Maybin","2 Tms",384,0.098958333,0.1953125,0.506666666,0.248538011,0.325520833,0.336257309,0.661778142,0.087719298,0.305660377,38.62662315867027,-6.262975687765276,0.29468431734229505,87.73155803570619,5223
2018,"Jon Jay","2 Tms",586,0.056313993,0.16211604,0.347368421,0.267552182,0.330464716,0.347248576,0.677713292,0.079696394,0.319444444,62.1674234763745,-6.335974763238081,0.3013140905949827,86.3885031620518,5227
2018,"Justin Turner","LAD",426,0.110328638,0.126760563,0.87037037,0.312328767,0.406103286,0.517808219,0.923911505,0.205479452,0.33444816,78.01767087926562,28.21827215900119,0.3958980025410934,154.24408658796625,5235
2018,"Robbie Grossman","MIN",465,0.129032258,0.178494623,0.722891566,0.272727272,0.367170626,0.383838383,0.751009009,0.111111111,0.329073482,61.30593620264663,6.947437599541091,0.33301455477658926,108.1470716648273,5254
2018,"Sandy Leon","BOS",288,0.052083333,0.260416666,0.2,0.17735849,0.231578947,0.279245283,0.51082423,0.101886793,0.225806451,13.09211839593267,-20.575080738893988,0.22712633797996923,33.39877448178037,5273
2018,"Francisco Cervelli","PIT",404,0.126237623,0.207920792,0.607142857,0.259036144,0.378109452,0.430722891,0.808832343,0.171686747,0.308333333,60.50266377433552,13.275064987981452,0.35497910928845106,124.68445693355963,5275
2018,"Aaron Hicks","NYY",581,0.154905335,0.191049913,0.81081081,0.247916666,0.366148531,0.466666666,0.832815197,0.21875,0.264367816,89.31875377406068,21.39985551942773,0.3598501572971938,127.29341066405394,5297
2018,"Brandon Crawford","SFG",594,0.084175084,0.205387205,0.409836065,0.254237288,0.324915824,0.393596986,0.71851281,0.139359698,0.3025,65.25370476267594,-4.184893452904057,0.3060638122837638,93.01553341499623,5343
2018,"Yangervis Solarte","TOR",506,0.061264822,0.14229249,0.430555555,0.226495726,0.277227722,0.378205128,0.65543285,0.151709402,0.232984293,46.37040735189408,-12.780991128044425,0.28373733032790444,76.82937312719865,5352
2018,"Freddie Freeman","ATL",707,0.107496463,0.186704384,0.575757575,0.309061488,0.387553041,0.504854368,0.892407409,0.19579288,0.358208955,119.07995127652632,36.4316534004067,0.3778660916596008,136.60040628337524,5361
2018,"Pablo Sandoval","SFG",252,0.075396825,0.206349206,0.365384615,0.247826086,0.309523809,0.417391304,0.726915113,0.169565218,0.282352941,28.931235538245346,-0.5275637047279834,0.31213375806808474,97.06998546553322,5409
2018,"Jose Altuve","HOU",599,0.091819699,0.131886477,0.696202531,0.3164794,0.38590604,0.451310861,0.837216901,0.134831461,0.352144469,93.84026295757101,23.817164757011394,0.3634402544514553,134.94244650533236,5417
2018,"Ji-Man Choi","2 Tms",221,0.117647058,0.248868778,0.472727272,0.263157894,0.357466063,0.505263157,0.86272922,0.242105263,0.314960629,35.22095667735283,9.386057341253203,0.36697913841767743,135.02547457157843,5452
2018,"Jose Pirela","SDP",473,0.063424947,0.188160676,0.337078651,0.248858447,0.300211416,0.344748858,0.644960274,0.095890411,0.300578034,43.112232602007715,-12.18146597706524,0.2831308563887063,77.59177720832442,5485
2018,"Austin Romine","NYY",265,0.064150943,0.252830188,0.253731343,0.243801652,0.295454545,0.417355371,0.712809916,0.173553719,0.291666666,29.258674960930893,-1.71982424298947,0.3067445953687032,91.07211985366162,5491
2018,"Marwin Gonzalez","HOU",552,0.096014492,0.228260869,0.42063492,0.247443762,0.32358318,0.408997955,0.732581135,0.161554193,0.300859598,65.8316665969815,1.3028682552304085,0.31759325710727887,103.67194746000006,5497
2018,"Matt Kemp","LAD",506,0.071146245,0.227272727,0.313043478,0.29004329,0.337944664,0.48051948,0.818464144,0.19047619,0.339339339,72.89733016899045,13.745931689051943,0.34800030787785846,122.25057079002035,5631
2018,"Devin Mesoraco","2 Tms",274,0.091240875,0.189781021,0.48076923,0.221311475,0.302919708,0.397540983,0.700460691,0.176229508,0.236263736,29.239284755331905,-2.791314421551789,0.3021650435299891,92.06260316037137,5666
2018,"Steven Souza Jr.","ARI",272,0.102941176,0.275735294,0.373333333,0.219917012,0.308823529,0.369294605,0.678118134,0.149377593,0.298136645,28.413636348309943,-3.3831628345819036,0.29945321512572903,84.01241721033598,5667
2018,"Hernan Perez","MIL",334,0.050898203,0.21257485,0.239436619,0.253164556,0.290419161,0.386075949,0.67649511,0.132911393,0.299578059,32.8293904359301,-6.2152085607091525,0.29188956405307437,79.28917322734827,5751
2018,"Avisail Garcia","CHW",385,0.051948051,0.264935064,0.196078431,0.235955056,0.28051948,0.438202247,0.718721727,0.202247191,0.270833333,41.6935032822587,-3.312995561172771,0.3041516554884749,91.96397260297464,5760
2018,"Wilmer Flores","NYM",429,0.067599067,0.097902097,0.69047619,0.266839378,0.319347319,0.417098445,0.736445764,0.150259067,0.269005847,50.694389583285734,0.5442908720335234,0.31625525040604247,102.69842383857548,5827
2018,"Leury Garcia","CHW",275,0.032727272,0.25090909,0.130434782,0.271317829,0.302583025,0.375968992,0.678552017,0.104651163,0.354838709,27.697104312890648,-4.450394860988975,0.2948623521741466,85.62809092588584,5913
2018,"Nick Markakis","ATL",705,0.102127659,0.113475177,0.9,0.29695024,0.365957446,0.439807383,0.805764829,0.142857143,0.317843866,99.62389133911803,17.20939345699026,0.3446227181729653,114.39532100109633,5930
2018,"Jean Segura","SEA",632,0.050632911,0.109177215,0.463768115,0.303754266,0.340764331,0.414675767,0.755440098,0.110921501,0.32748538,79.97097784819778,6.0901797467726055,0.3265123904322664,110.62304664927909,5933
2018,"Jesus Sucre","TBR",198,0.045454545,0.146464646,0.310344827,0.208791208,0.24742268,0.252747252,0.500169932,0.043956044,0.24025974,7.613405449533961,-15.532793955659367,0.2185368137434125,34.782058623562996,5942
2018,"Didi Gregorius","NYY",569,0.084358523,0.121265377,0.695652173,0.267857142,0.334507042,0.494047619,0.828554661,0.226190477,0.258992805,82.97845693115806,16.462358640476218,0.35016535984731356,120.68777742841998,6012
2018,"Eduardo Escobar","2 Tms",631,0.082408874,0.199683042,0.412698412,0.272084805,0.334389857,0.489399293,0.82378915,0.217314488,0.308235294,89.94335042790938,16.17945232348013,0.34609248435325074,116.5147382164601,6153
2018,"J.D. Martinez","BOS",649,0.106317411,0.224961479,0.472602739,0.330404217,0.402157164,0.629173989,1.031331153,0.298769772,0.374677002,135.58106806186072,59.712970011504794,0.427484259336346,170.05531801647214,6184
2018,"Ian Kinsler","2 Tms",534,0.074906367,0.119850187,0.625,0.240246406,0.301498127,0.379876796,0.681374923,0.13963039,0.25,55.079837433637906,-7.344760962186522,0.29783987831533626,87.3695603354741,6195
2018,"Alcides Escobar","KCR",531,0.054613935,0.139359698,0.391891891,0.230927835,0.279158699,0.313402061,0.59256076,0.082474226,0.262773722,38.78287109332762,-23.29102731150903,0.2609326600800072,59.67098040409048,6310
2018,"Danny Valencia","BAL",282,0.078014184,0.187943262,0.415094339,0.262745098,0.315602836,0.407843137,0.723445973,0.145098039,0.292929292,31.820057919340407,-1.145741233510697,0.3097196338432176,93.875089405763,6364
2018,"Adam Jones","BAL",613,0.039151712,0.151712887,0.258064516,0.281034482,0.313213703,0.418965517,0.73217922,0.137931035,0.310924369,71.9601284194333,0.30043026093073055,0.3153007766779731,97.68177537858506,6368
2018,"Jordy Mercer","PIT",436,0.073394495,0.199541284,0.367816091,0.251269035,0.314942528,0.380710659,0.695653187,0.129441624,0.305921052,44.42365073663444,-6.544747953589248,0.2962994523731196,85.48907302754209,6547
2018,"Freddy Galvis","SDP",656,0.06859756,0.224085365,0.306122448,0.247508305,0.299236641,0.380398671,0.679635312,0.132890366,0.303571428,65.62402457315204,-11.062373456175346,0.2940286515682799,84.8710165264557,6609
2018,"Eduardo Nunez","BOS",502,0.031872509,0.137450199,0.231884057,0.264583333,0.289421157,0.3875,0.676921157,0.122916667,0.28960396,49.34547411424591,-9.338324377708888,0.2918971261816348,77.57647395947313,6848
2018,"Mark Trumbo","BAL",358,0.067039106,0.243016759,0.275862068,0.26060606,0.312849162,0.451515151,0.764364313,0.190909091,0.302631578,45.88922328845697,4.039024363915494,0.32852987220833424,106.70483998731483,6876
2018,"Ian Desmond","COL",619,0.08562197,0.235864297,0.363013698,0.236036036,0.307443365,0.421621621,0.729064986,0.185585585,0.278772378,72.55796084515715,0.19686270467901937,0.3150898572117765,81.09352862239089,6885
2018,"Martin Maldonado","2 Tms",404,0.03960396,0.242574257,0.163265306,0.225201072,0.276119402,0.351206434,0.627325836,0.126005362,0.279850746,34.116644711017436,-13.110954075336629,0.2749123555510791,74.04122702485712,6887
2018,"Yadier Molina","STL",503,0.057654075,0.131212723,0.439393939,0.261437908,0.314115308,0.435729847,0.749845155,0.174291939,0.263852242,62.15223051731129,3.351532028360558,0.3228677092916212,103.331329557436,7007
2018,"Caleb Joseph","BAL",280,0.035714285,0.242857142,0.147058823,0.218867924,0.254480286,0.320754716,0.575235002,0.101886792,0.282051282,18.213872556789394,-14.518126602069858,0.251141010433115,53.92083081667417,7087
2018,"Logan Forsythe","2 Tms",416,0.098557692,0.19951923,0.493975903,0.231805929,0.3125,0.291105121,0.603605121,0.059299192,0.292682926,34.681453869055574,-13.948944881249602,0.273657477332885,70.30146269893825,7185
2018,"Matt Davidson","CHW",496,0.104838709,0.33266129,0.315151515,0.228110599,0.318548387,0.419354838,0.737903225,0.191244239,0.313492063,60.72602263985503,2.7436241298757897,0.3214805964981356,103.7833864073564,7226
2018,"Carlos Gonzalez","COL",504,0.073412698,0.224206349,0.327433628,0.276457883,0.329365079,0.466522678,0.795887757,0.190064795,0.332344213,68.52877903892646,9.611180552979805,0.3380760337114334,96.44726550151937,7287
2018,"Salvador Perez","KCR",544,0.03125,0.198529411,0.157407407,0.235294117,0.273897058,0.439215686,0.713112744,0.203921569,0.244736842,58.9062141226088,-4.687384243174893,0.30413776471772613,89.13954457602277,7304
2018,"Ben Zobrist","CHC",520,0.10576923,0.115384615,0.916666666,0.305494505,0.377649325,0.439560439,0.817209764,0.134065934,0.330788804,77.7151857340241,16.92718729614263,0.3546030437393999,122.66597345579544,7435
2018,"Alex Avila","ARI",234,0.158119658,0.384615384,0.411111111,0.164948453,0.299145299,0.304123711,0.60326901,0.139175258,0.252525252,19.33529202733637,-8.019307269710293,0.27269070364277936,66.13625761763481,7476
2018,"Neil Walker","NYY",398,0.105527638,0.218592964,0.48275862,0.219020172,0.309045226,0.354466858,0.663512084,0.135446686,0.256916996,38.96914075111053,-7.5570580532679825,0.29142476712601095,80.62304571165319,7539
2018,"Mark Reynolds","WSN",235,0.102127659,0.272340425,0.375,0.247572815,0.327659574,0.475728155,0.803387729,0.22815534,0.287878787,32.735003241986774,5.263503947944189,0.34215564783821756,112.37035346863674,7619
2018,"Miguel Rojas","MIA",528,0.045454545,0.130681818,0.347826086,0.25204918,0.297142857,0.346311475,0.643454332,0.094262295,0.27184466,47.467252794218425,-14.255945619630452,0.2816031625348341,78.6972130546187,7802
2018,"Charlie Blackmon","COL",696,0.084770114,0.192528735,0.440298507,0.290734824,0.358273381,0.501597444,0.859870825,0.21086262,0.329032258,111.45651423976703,30.094116330602606,0.3677025670441026,116.23646347610736,7859
2018,"Jonathan Lucroy","OAK",454,0.063876651,0.143171806,0.446153846,0.240963855,0.291390728,0.325301204,0.616691932,0.084337349,0.272727272,36.85068519250615,-16.221913443644215,0.27090034996513773,70.20250299058269,7870
2018,"Tim Beckham","BAL",402,0.067164179,0.248756218,0.27,0.230352303,0.286783042,0.373983739,0.660766781,0.143631436,0.281853281,38.333468762333695,-8.660330030028522,0.2882921676386027,79.26022692163545,7949
2018,"Jose Martinez","STL",590,0.083050847,0.176271186,0.471153846,0.305243445,0.363945578,0.456928838,0.820874416,0.151685393,0.350961538,88.74050959368695,19.76951136609068,0.35577414098645554,125.311352806672,7996
2018,"Hanley Ramirez","BOS",195,0.071794871,0.179487179,0.4,0.254237288,0.312820512,0.395480225,0.708300737,0.141242937,0.282608695,21.806883491667964,-0.9886159225375876,0.30848534596272004,88.89066989108692,8001
2018,"Matt Carpenter","STL",677,0.150664697,0.23338257,0.64556962,0.257092198,0.374260355,0.523049645,0.89731,0.265957447,0.29144385,112.63690127673293,33.4956033104911,0.3753490044603941,138.38648529894192,8090
2018,"Josh Harrison","PIT",374,0.048128342,0.181818181,0.264705882,0.25,0.293010752,0.363372093,0.656382845,0.113372093,0.285714285,34.591005101014964,-9.129593775461327,0.284777062119178,77.79263216099372,8202
2018,"Dee Gordon","SEA",588,0.015306122,0.136054421,0.1125,0.267985611,0.288428324,0.348920863,0.637349187,0.080935252,0.303983228,50.488319132707495,-18.248879100896932,0.2766562542767105,76.61806598822172,8203
2018,"Hunter Pence","SFG",248,0.044354838,0.237903225,0.186440677,0.225531914,0.258064516,0.331914893,0.589979409,0.106382979,0.281609195,16.810233824407288,-12.180965430582335,0.25449196360854487,58.56784721797425,8252
2018,"Kurt Suzuki","ATL",388,0.05670103,0.110824742,0.511627906,0.270893371,0.332474226,0.443804034,0.77627826,0.172910663,0.275167785,51.67597527341183,6.318776438992579,0.334663004912052,107.7426784094973,8259
2018,"Chris Iannetta","COL",360,0.138888888,0.241666666,0.574712643,0.224080267,0.345403899,0.384615384,0.730019283,0.160535117,0.274509803,43.52625804794098,1.4422591294076526,0.319610954846366,84.11341944622464,8267
2018,"Denard Span","2 Tms",501,0.101796407,0.15768463,0.64556962,0.260869565,0.341317365,0.418764302,0.760081667,0.157894737,0.290960451,64.87658588673887,6.309687391779983,0.33013813426632604,112.33809570682786,8347
2018,"Daniel Descalso","ARI",423,0.151300236,0.260047281,0.581818181,0.237822349,0.353080568,0.435530085,0.788610653,0.197707736,0.300429184,58.379888105834446,8.931189376557793,0.3405817443416232,111.48443352482884,8392
2018,"Ehire Adrianza","MIN",366,0.06557377,0.224043715,0.292682926,0.250746268,0.301104972,0.379104477,0.680209449,0.128358209,0.313253012,36.60072135925282,-6.184677541256061,0.2939861747953627,81.52729306118374,8418
2018,"Gerardo Parra","COL",443,0.072234762,0.169300225,0.426666666,0.284289276,0.342403628,0.371571072,0.7139747,0.087281796,0.334365325,51.113889303674405,-0.672809365520773,0.3128382941903589,79.58958531985265,8553
2018,"Kendrys Morales","TOR",471,0.106157112,0.201698513,0.526315789,0.249394673,0.331210191,0.438256658,0.769466849,0.188861985,0.271523178,60.686735826699916,5.626837241618818,0.32934428438096597,107.9361477425689,8610
2018,"Elvis Andrus","TEX",428,0.06542056,0.154205607,0.424242424,0.255696202,0.308411214,0.367088607,0.675499821,0.111392405,0.292307692,43.48013527506697,-6.553063439189312,0.29593170079115394,77.5207324183279,8709
2018,"Justin Smoak","TOR",594,0.139730639,0.262626262,0.532051282,0.241584158,0.35016835,0.457425742,0.807594092,0.215841584,0.296636085,86.05375478176322,16.61515656618322,0.34898803322701843,121.33440422872148,9054
2018,"Lorenzo Cain","MIL",620,0.114516129,0.151612903,0.755319148,0.307977736,0.39516129,0.417439703,0.812600993,0.109461967,0.356979405,94.8137213639979,22.335723226523854,0.35886038899999445,124.02268620757499,9077
2018,"Khris Davis","OAK",654,0.090214067,0.267584097,0.337142857,0.246527777,0.325688073,0.548611111,0.874299184,0.302083334,0.261111111,103.40628377939862,26.953685744063076,0.3652201886353397,134.5344897279233,9112
2018,"Tyler Flowers","ATL",296,0.118243243,0.256756756,0.460526315,0.227091633,0.341216216,0.358565737,0.699781953,0.131474104,0.291666666,34.69804063931271,0.09564152851863929,0.31509608412916595,94.67285127927985,9134
2018,"Buster Posey","SFG",448,0.100446428,0.118303571,0.849056603,0.283919597,0.359375,0.381909547,0.741284547,0.09798995,0.315789473,56.48731996751164,4.116121313336826,0.3259625031706992,106.3069681223595,9166
2018,"Logan Morrison","MIN",359,0.09470752,0.222841225,0.425,0.185534591,0.275766016,0.367924528,0.643690544,0.182389937,0.196428571,32.7733744743475,-9.193724447189902,0.28330782412818545,74.24399483694124,9205
2018,"Paul Goldschmidt","ARI",690,0.130434782,0.250724637,0.520231213,0.29005059,0.388969521,0.532883642,0.921853163,0.242833052,0.359173126,123.05552627928455,42.39452835209567,0.39001565327686544,144.5040716847393,9218
2018,"Starling Marte","PIT",606,0.057755775,0.179867986,0.321100917,0.277280858,0.327272727,0.459749552,0.787022279,0.182468694,0.31177829,81.79972738128943,10.958329201758335,0.3368664605305167,112.58601841258388,9241
2018,"A.J. Pollock","ARI",460,0.067391304,0.217391304,0.31,0.256658595,0.315904139,0.484261501,0.80016564,0.227602906,0.284280936,62.44815929925152,8.674160681125604,0.33781501918183376,109.63638497613239,9256
2018,"Chris Davis","BAL",522,0.078544061,0.367816091,0.213541666,0.168085106,0.243295019,0.29574468,0.539039699,0.127659574,0.236842105,28.760762537625194,-32.261035894248124,0.2389413459942891,45.59990213460996,9272
2018,"Brock Holt","BOS",367,0.100817438,0.198910081,0.506849315,0.277258566,0.36239782,0.411214953,0.773612773,0.133956387,0.337448559,50.008492334902606,7.1061934373978,0.3384353469495904,109.31843030114987,9345
2018,"Evan Longoria","SFG",512,0.04296875,0.197265625,0.217821782,0.24375,0.28125,0.4125,0.69375,0.16875,0.274456521,51.510612295781854,-8.342186166132212,0.294727416661493,85.44332863597838,9368
2018,"Matt Adams","2 Tms",337,0.080118694,0.21661721,0.369863013,0.238562091,0.308605341,0.477124183,0.785729524,0.238562092,0.245283018,44.59486591962455,5.199566931997519,0.33380193803124797,107.34876380259702,9393
2018,"David Freese","2 Tms",312,0.076923076,0.23076923,0.333333333,0.296428571,0.358974358,0.471428571,0.830402929,0.175,0.36,47.146763489169885,10.673964426441007,0.35670655429171594,126.12732213617667,9549
2018,"Yan Gomes","CLE",435,0.048275862,0.273563218,0.176470588,0.265508684,0.312643678,0.449131513,0.761775191,0.183622829,0.335793357,54.69459272198375,3.8430940287559907,0.32552970281649407,101.15079407034493,9627
2018,"Justin Bour","2 Tms",501,0.145708582,0.24750499,0.588709677,0.226950354,0.341317365,0.404255319,0.745572684,0.177304965,0.269503546,62.55571303556194,3.9888145406030664,0.3244022736645708,106.85088203025067,9744
2018,"Christian Vazquez","BOS",269,0.048327137,0.152416356,0.31707317,0.207171314,0.257462686,0.282868525,0.540331211,0.075697211,0.236714975,15.005796387176911,-16.440302804727157,0.23978272426440922,42.031215822569926,9774
2018,"Jason Kipnis","CLE",601,0.09983361,0.186356073,0.535714285,0.230188679,0.315,0.388679245,0.703679245,0.158490566,0.258064516,67.17916273920711,-3.0777354553443574,0.3084225857596167,89.48267797585827,9776
2018,"Nolan Arenado","COL",673,0.108469539,0.18127786,0.598360655,0.296610169,0.373511904,0.561016949,0.934528853,0.26440678,0.314220183,120.39644874712903,41.722750768870895,0.3906945415133796,131.59407313938422,9777
2018,"Kyle Seager","SEA",630,0.06031746,0.219047619,0.275362318,0.221269296,0.273015873,0.399656946,0.672672819,0.17838765,0.25058548,59.829538376883555,-13.81745973054976,0.28781487715491455,84.22893968275443,9785
2018,"Brian Dozier","2 Tms",632,0.110759493,0.204113924,0.542635658,0.215189873,0.305379746,0.390596745,0.695976491,0.175406872,0.240196078,68.29117796577178,-5.589620135653389,0.3038500844959978,89.52737094703737,9810
2018,"Andrew McCutchen","2 Tms",682,0.139296187,0.21260997,0.655172413,0.25483304,0.36803519,0.423550087,0.791585277,0.168717047,0.304136253,97.78482859711355,18.059030645892083,0.3471719275137051,120.26341483773223,9847
2018,"Austin Jackson","2 Tms",375,0.069333333,0.354666666,0.195488721,0.244956772,0.298666666,0.325648414,0.62431508,0.080691642,0.386792452,31.564603561017307,-12.272895312454907,0.27461998584123465,73.59729790972841,9848
2018,"DJ LeMahieu","COL",581,0.063683304,0.141135972,0.451219512,0.275797373,0.321243523,0.427767354,0.749010877,0.151969981,0.297968397,71.57589392351842,3.6569956688854717,0.32241566245008213,85.98683856710329,9874
2018,"Jay Bruce","NYM",361,0.113573407,0.207756232,0.546666666,0.222570532,0.310249307,0.369905956,0.680155263,0.147335424,0.262711864,36.6666106135293,-5.534288301999949,0.29590774517433316,89.10720124098437,9892
2018,"Brett Gardner","NYY",609,0.106732348,0.175697865,0.607476635,0.235849056,0.322314049,0.367924528,0.690238577,0.132075472,0.271634615,66.28932551704335,-4.902772653475526,0.3048315573329768,89.76730912372915,9927
2018,"Steve Pearce","2 Tms",251,0.115537848,0.163346613,0.707317073,0.28372093,0.378486055,0.511627906,0.890113961,0.227906976,0.303030303,43.02286227663295,13.680963030655544,0.381514001652539,140.35166907780703,9957
2018,"Chris Owings","ARI",309,0.077669902,0.242718446,0.32,0.206405693,0.27184466,0.302491103,0.574335763,0.09608541,0.264705882,19.907795757417162,-16.214303314323942,0.25037730228705485,51.23190441651428,10030
2018,"Wil Myers","SDP",343,0.087463556,0.274052478,0.319148936,0.253205128,0.317784256,0.44551282,0.763297076,0.192307692,0.326923076,43.70358162067911,3.606882651076526,0.32759028830026327,107.28868740892966,10047
2018,"Max Stassi","HOU",250,0.092,0.296,0.31081081,0.226244343,0.316,0.393665158,0.709665158,0.167420815,0.302158273,28.79493443537057,-0.43006481361090476,0.31259128999710084,100.2602952950961,10059
2018,"Jonathan Villar","2 Tms",515,0.07961165,0.267961165,0.297101449,0.259656652,0.324902723,0.384120171,0.709022894,0.124463519,0.338607594,58.98871816584909,-1.2147802870527507,0.3117900904746371,93.89544044458322,10071
2018,"Mike Trout","LAA",608,0.200657894,0.203947368,0.983870967,0.31210191,0.459637561,0.628450106,1.088087667,0.316348196,0.346153846,136.47782900663617,65.40263083311322,0.44656093495408283,190.90575201740873,10155
2018,"Billy Hamilton","CIN",556,0.082733812,0.237410071,0.348484848,0.236111111,0.299099099,0.327380952,0.626480051,0.091269841,0.309139784,48.01524795673905,-16.981150372995753,0.277261648521767,69.00626591951878,10199
2018,"Tucker Barnhart","CIN",522,0.103448275,0.183908045,0.5625,0.247826086,0.327552986,0.37173913,0.699292116,0.123913044,0.291316526,57.8870872046152,-3.1347112272581237,0.30733875817902084,89.0964287079696,10200
2018,"Jose Iglesias","DET",464,0.040948275,0.101293103,0.404255319,0.268518518,0.310195227,0.388888888,0.699084115,0.12037037,0.290575916,50.18869914926799,-4.0528994568416294,0.30399289565593196,90.14872615553192,10231
2018,"Randal Grichuk","TOR",462,0.058441558,0.264069264,0.221311475,0.245283018,0.3008658,0.50235849,0.80322429,0.257075472,0.282142857,63.55856517332426,9.550766561206496,0.34004083198386353,115.23185740690633,10243
2018,"Brandon Belt","SFG",456,0.10745614,0.234649122,0.457943925,0.253132832,0.342105263,0.413533834,0.755639097,0.160401002,0.310714285,57.70706063202864,4.4006620018864355,0.32652981440226236,106.68590662820996,10264
2018,"Marcell Ozuna","STL",628,0.060509554,0.175159235,0.345454545,0.280068728,0.325358851,0.43298969,0.758348541,0.152920962,0.309050772,79.49601145691332,6.082813343471864,0.3265732498168945,105.80646474230868,10324
2018,"Scooter Gennett","CIN",638,0.065830721,0.195924764,0.336,0.309931506,0.357480314,0.489726027,0.847206341,0.179794521,0.358276643,99.02893637421366,24.446738290812927,0.36167045861859864,125.38757233324185,10339
2018,"John Ryan Murphy","ARI",223,0.049327354,0.31838565,0.154929577,0.201923076,0.244343891,0.375,0.619343891,0.173076924,0.255813953,16.967025656199503,-9.101673673891975,0.26466881145130505,60.77799274994488,10346
2018,"Domingo Santana","MIL",235,0.085106382,0.327659574,0.259740259,0.265402843,0.327659574,0.412322274,0.739981848,0.146919431,0.386363636,28.322538984887455,0.8510396908448664,0.31913922510595405,97.49072692452773,10348
2018,"Adeiny Hechavarria","3 Tms",321,0.049844236,0.180685358,0.275862068,0.246621621,0.278996865,0.344594594,0.623591459,0.097972973,0.280334728,25.18827587697298,-12.336623158719231,0.26754615021052797,67.48872547177503,10459
2018,"Enrique Hernandez","LAD",462,0.108225108,0.168831168,0.641025641,0.256218905,0.336244541,0.470149253,0.806393794,0.213930348,0.266233766,64.24680550165718,10.239006889539409,0.34186692387852446,118.15374485179456,10472
2018,"Derek Dietrich","MIA",551,0.052631578,0.254083484,0.207142857,0.264529058,0.330308529,0.420841683,0.751150212,0.156312625,0.336231884,69.6914562433063,5.279557898551139,0.32644547866776125,108.64987277451333,10542
2018,"Cesar Hernandez","PHI",708,0.13418079,0.218926553,0.612903225,0.252892561,0.356435643,0.361983471,0.718419114,0.10909091,0.315068493,85.92317957223756,3.1579816991220184,0.32016765910225947,100.07285318047884,10556
2018,"Corey Dickerson","PIT",533,0.039399624,0.150093808,0.2625,0.299603174,0.330206378,0.474206349,0.804412727,0.174603175,0.33253012,73.53923701091303,11.23153861208452,0.34053072868538264,115.03358550166547,10762
2018,"Jurickson Profar","TEX",594,0.09090909,0.148148148,0.613636363,0.253816793,0.335016835,0.458015267,0.793032102,0.204198474,0.269047619,82.21647934891193,12.777881133331944,0.341069203303596,108.30731193253227,10815
2018,"Jedd Gyorko","STL",402,0.109452736,0.191542288,0.571428571,0.262108262,0.345771144,0.415954415,0.761725559,0.153846153,0.303370786,52.91425685315089,5.920458060788674,0.3327531887227623,109.93438727397462,10816
2018,"Andrelton Simmons","LAA",600,0.058333333,0.073333333,0.795454545,0.292418772,0.337228714,0.416967509,0.754196223,0.124548737,0.299603174,75.61896922240905,5.478971024853511,0.3258936707697921,108.60318504336853,10847
2018,"Adam Duvall","2 Tms",427,0.086651053,0.274004683,0.316239316,0.1953125,0.274004683,0.364583333,0.638588016,0.169270833,0.23715415,36.980065653938226,-12.936233063322128,0.27743876092838793,69.26040758324069,10950
2018,"Greg Garcia","STL",208,0.096153846,0.177884615,0.54054054,0.220994475,0.309178743,0.303867403,0.613046146,0.082872928,0.258741258,17.72156365285305,-6.593635722299542,0.2758415011526312,71.91992774383039,10951
2018,"Evan Gattis","HOU",451,0.073170731,0.223946784,0.326732673,0.226044226,0.283813747,0.452088452,0.735902199,0.226044226,0.23183391,51.23593261301738,-1.4859660321452004,0.3106611657779838,98.9438307271294,11003
2018,"Kevin Kiermaier","TBR",367,0.068119891,0.247956403,0.274725274,0.216867469,0.28219178,0.370481927,0.652673707,0.153614458,0.275423728,33.030396403624835,-9.871902493879974,0.2817269453660844,77.88165216394951,11038
2018,"Kole Calhoun","LAA",552,0.096014492,0.240942028,0.39849624,0.207739307,0.283121597,0.368635437,0.651757034,0.16089613,0.24057971,50.35459370432954,-14.174204637421557,0.28322367611695726,79.49959910863352,11200
2018,"Adam Eaton","WSN",370,0.102702702,0.172972972,0.59375,0.300940438,0.394021739,0.410658307,0.804680046,0.109717869,0.364,56.23212650497499,12.979127616482408,0.35769998865283054,122.75327725896905,11205
2018,"Jonathan Schoop","2 Tms",501,0.037924151,0.229540918,0.165217391,0.232558139,0.266,0.416490486,0.682490486,0.183932347,0.260997067,48.37826761035653,-10.188630884602349,0.28979401739246874,79.78781761374265,11265
2018,"Aaron Altherr","PHI",285,0.126315789,0.319298245,0.395604395,0.181069958,0.294736842,0.333333333,0.628070175,0.152263375,0.246575342,25.703512653976276,-7.612986489862608,0.28195578466381943,74.54903168738012,11270
2018,"Whit Merrifield","KCR",707,0.086280056,0.161244695,0.535087719,0.303797468,0.367375886,0.438291139,0.805667025,0.134493671,0.3515625,102.63700396884339,19.988706092723778,0.3493569108364762,119.98181009936631,11281
2018,"Jake Marisnick","HOU",235,0.063829787,0.357446808,0.178571428,0.211267605,0.274678111,0.399061032,0.673739143,0.187793427,0.291666666,22.72523727171841,-4.74626202232418,0.2899424192206613,84.81235905020547,11339
2018,"Jesus Aguilar","MIL",566,0.102473498,0.252650176,0.405594405,0.274390243,0.351590106,0.538617886,0.890207992,0.264227643,0.308641975,93.4714720447201,27.30607374502604,0.3738381002978364,134.02712684701962,11342
2018,"Yasmani Grandal","LAD",518,0.138996138,0.239382239,0.580645161,0.24090909,0.349420849,0.46590909,0.815329939,0.225,0.277966101,76.19375099276762,15.639552548877992,0.35171000454827017,124.72848209378724,11368
2018,"Delino DeShields","TEX",393,0.109414758,0.211195928,0.518072289,0.215568862,0.309711286,0.281437125,0.591148411,0.065868263,0.28,31.960981195021642,-13.98071762437724,0.2710924861937996,60.57884567878038,11379
2018,"Gary Sanchez","NYY",374,0.122994652,0.251336898,0.489361702,0.185758513,0.29144385,0.405572755,0.697016605,0.219814242,0.197183098,40.39867258760229,-3.321926288873995,0.30381213869640533,89.07200231306945,11442
2018,"Mark Canha","OAK",411,0.08272506,0.214111922,0.386363636,0.249315068,0.328467153,0.449315068,0.777782221,0.2,0.282442748,54.52096790650732,6.475069141181777,0.3340119995615062,113.24856691571054,11445
2018,"Tony Wolters","COL",216,0.12037037,0.152777777,0.787878787,0.17032967,0.291666666,0.285714285,0.577380951,0.115384615,0.189189189,15.788721078437655,-9.461678272682338,0.26100438109068114,44.96685181913569,11470
2018,"Dixon Machado","DET",233,0.060085836,0.175965665,0.341463414,0.205607476,0.262931034,0.289719626,0.55265066,0.08411215,0.248554913,13.87362041088814,-13.364078889162595,0.244391545588836,49.49690448044506,11472
2018,"Odubel Herrera","PHI",597,0.063651591,0.204355108,0.311475409,0.254545454,0.310402684,0.42,0.730402684,0.165454546,0.289926289,69.87453843690618,0.08524023033841129,0.3148750302964479,96.53761407342077,11476
2018,"Christian Yelich","MIL",651,0.104454685,0.207373271,0.503703703,0.325783972,0.402457757,0.597560975,1.000018732,0.271777003,0.372839506,133.07441221696965,56.97251417262189,0.4219775666441131,166.18213530583947,11477
2018,"Michael A. Taylor","WSN",385,0.075324675,0.301298701,0.25,0.226628895,0.287206266,0.356940509,0.644146775,0.130311614,0.32034632,34.20218857442612,-10.804310269005358,0.2802998202992237,71.05342977370918,11489
2018,"Manny Machado","2 Tms",709,0.098730606,0.146685472,0.673076923,0.297468354,0.366713681,0.537974683,0.904688364,0.240506329,0.304435483,118.73707950748812,35.85498163737665,0.3765743402427254,140.5129459510009,11493
2018,"Bryce Harper","WSN",695,0.187050359,0.243165467,0.769230769,0.249090909,0.392805755,0.496363636,0.889169391,0.247272727,0.289325842,115.8058476211612,34.5603497089927,0.37565619701489433,134.74722059887378,11579
2018,"Yolmer Sanchez","CHW",662,0.074018126,0.208459214,0.355072463,0.241666666,0.306060606,0.371666666,0.677727272,0.13,0.299781181,67.63345945953255,-9.75433855177041,0.296638070453297,86.83924105500122,11602
2018,"Willson Contreras","CHC",544,0.09742647,0.22242647,0.438016528,0.248945147,0.339483394,0.390295358,0.729778752,0.141350211,0.313043478,66.31429422332516,2.72069585754147,0.3208306441704432,100.10752243344763,11609
2018,"Rosell Herrera","2 Tms",302,0.062913907,0.188741721,0.333333333,0.233812949,0.285714285,0.316546762,0.602261047,0.082733813,0.288288288,23.34391136486216,-11.959887727907464,0.26613543794004624,63.24155953181388,11611
2018,"Elias Diaz","PIT",277,0.075812274,0.144404332,0.525,0.285714285,0.33935018,0.452380952,0.791731132,0.166666667,0.302439024,38.03526175974047,5.65396259186899,0.3397206033485523,114.49245804356065,11680
2018,"Nicholas Castellanos","DET",678,0.072271386,0.222713864,0.324503311,0.298387096,0.3539823,0.5,0.8539823,0.201612904,0.360801781,105.9435843611907,26.685386397952932,0.36294678247701184,130.35893769278485,11737
2018,"Christian Villanueva","SDP",384,0.059895833,0.270833333,0.221153846,0.236467236,0.299479166,0.45014245,0.749621616,0.213675214,0.276315789,47.36886592077694,2.4792670743413976,0.32261438155546784,103.96500445992724,11738
2018,"J.T. Realmuto","MIA",531,0.071563088,0.195856873,0.365384615,0.276729559,0.34026465,0.484276729,0.824541379,0.20754717,0.311797752,78.7226036024312,16.64870519759455,0.35313355111444833,126.47631042340497,11739
2018,"Leonys Martin","2 Tms",353,0.084985835,0.218130311,0.389610389,0.254716981,0.322946175,0.424528301,0.747474476,0.16981132,0.301724137,43.63442667380777,2.368727734245931,0.3229416221041571,102.88439803889149,11846
2018,"Tyler Austin","2 Tms",268,0.070895522,0.354477611,0.2,0.229508196,0.287313432,0.479508196,0.766821628,0.25,0.288888888,33.53592443730397,2.206725242395824,0.32479341839676473,102.95485253950486,11850
2018,"Ronny Rodriguez","DET",206,0.048543689,0.203883495,0.238095238,0.219895287,0.256157635,0.335078534,0.591236169,0.115183247,0.253424657,14.380915164980998,-9.700484216179738,0.25697677006275194,58.080809047684276,11875
2018,"Joc Pederson","LAD",443,0.090293453,0.191873589,0.470588235,0.248101265,0.321266968,0.521518987,0.842785955,0.273417722,0.253472222,65.98035546789188,14.1936567986967,0.3539749049923143,126.24133419756336,11899
2018,"Joe Panik","SFG",392,0.06632653,0.076530612,0.866666666,0.254189944,0.30690537,0.332402234,0.639307604,0.07821229,0.265243902,34.62046577063452,-11.204333051768439,0.27966320775833325,75.38111146842154,11936
2018,"Travis Shaw","MIL",587,0.132879045,0.183986371,0.722222222,0.240963855,0.344709897,0.479919678,0.824629575,0.238955823,0.241758241,85.82986576978897,17.20956753318045,0.3506382092319686,118.53063820502673,11982
2018,"Niko Goodrum","DET",492,0.085365853,0.268292682,0.318181818,0.245495495,0.31504065,0.432432432,0.747473082,0.186936937,0.312080536,60.52630639261684,3.0115078706212897,0.32220315326255594,102.56925260415271,12092
2018,"Max Kepler","MIN",611,0.116202945,0.157119476,0.739583333,0.22368421,0.319148936,0.407894736,0.727043672,0.184210526,0.236276849,72.27988617158726,0.8539880070765387,0.3164133138844532,96.82399452693457,12144
2018,"Nick Ahmed","ARI",564,0.070921985,0.193262411,0.366972477,0.234496124,0.289520426,0.410852713,0.700373139,0.176356589,0.265151515,59.016838405137875,-6.914759900564333,0.299671270311835,84.1580683129737,12147
2018,"Eddie Rosario","MIN",592,0.050675675,0.175675675,0.288461538,0.288014311,0.323181049,0.479427549,0.802608598,0.191413238,0.316397228,81.44911001963283,12.244311798044698,0.3400534630432064,112.94804418171975,12155
2018,"Austin Barnes","LAD",238,0.1302521,0.281512605,0.462686567,0.205,0.329113924,0.29,0.619113924,0.085,0.286821705,21.254133807844156,-6.568065477186209,0.2808713311801141,77.41141952022573,12158
2018,"Ben Gamel","SEA",293,0.105802047,0.208191126,0.508196721,0.27237354,0.358361774,0.369649805,0.728011579,0.097276265,0.352040816,36.16382256346242,1.9121234436561285,0.32269969072243937,108.0225486986444,12160
2018,"Xander Bogaerts","BOS",580,0.094827586,0.175862068,0.539215686,0.288499025,0.360344827,0.522417153,0.88276198,0.233918128,0.317258883,95.33278836425652,27.53079010661948,0.3728855608238114,132.81561533985908,12161
2018,"Miguel Sano","MIN",299,0.103678929,0.384615384,0.269565217,0.19924812,0.280936454,0.39849624,0.679432694,0.19924812,0.285714285,30.066983784376816,-4.88611531740503,0.2946683441516149,81.992574921265,12164
2018,"Jorge Bonifacio","KCR",270,0.107407407,0.262962962,0.408450704,0.224576271,0.312267657,0.360169491,0.672437148,0.13559322,0.300613496,27.37903513904625,-4.183964049853746,0.29570459763505563,83.38760097046682,12174
2018,"Maikel Franco","PHI",465,0.062365591,0.133333333,0.467741935,0.270207852,0.313978494,0.466512702,0.780491196,0.19630485,0.269886363,59.51110796110519,5.152609357999643,0.3282831028819605,105.49360632107836,12179
2018,"Jorge Alfaro","PHI",377,0.047745358,0.366047745,0.130434782,0.261627906,0.323607427,0.406976744,0.730584171,0.145348838,0.40609137,43.70255139666,-0.3687474708040716,0.31350102675250274,95.61984121611069,12180
2018,"Scott Schebler","CIN",430,0.090697674,0.230232558,0.393939393,0.255263157,0.337209302,0.439473684,0.776682986,0.184210527,0.300751879,58.076782567739805,7.809783859491667,0.33696358979165136,108.88449000975267,12225
2018,"Rougned Odor","TEX",535,0.080373831,0.237383177,0.338582677,0.253164556,0.326454033,0.424050632,0.750504665,0.170886076,0.305389221,66.82336141566466,4.281863022844311,0.32451078604394656,97.01344317111702,12282
2018,"Cory Spangenberg","SDP",329,0.075987841,0.328267477,0.231481481,0.234899328,0.298461538,0.362416107,0.660877645,0.127516779,0.344262295,31.96240450875579,-6.497694502903831,0.2904903927216163,82.50761801419195,12294
2018,"Jace Peterson","2 Tms",246,0.12601626,0.235772357,0.534482758,0.2,0.310204081,0.323809523,0.634013604,0.123809523,0.26,23.02847909499308,-5.728920166004692,0.28615603130690903,77.76651052307852,12325
2018,"Tommy La Stella","CHC",192,0.088541666,0.140625,0.629629629,0.266272189,0.340425531,0.331360946,0.671786477,0.065088757,0.312056737,20.179983654836867,-2.2648157683809047,0.30024041211541325,86.35416918403503,12371
2018,"Kevin Pillar","TOR",542,0.033210332,0.180811808,0.183673469,0.251953125,0.282287822,0.42578125,0.708069072,0.173828125,0.281481481,57.65036809692016,-5.709430274871676,0.3017872802885696,89.14055980701664,12434
2018,"Kolten Wong","STL",407,0.076167076,0.147420147,0.516666666,0.249291784,0.331670822,0.388101983,0.719772805,0.138810199,0.275261324,47.508123698302555,-0.07017507903929178,0.314488652213734,97.73449453483019,12532
2018,"Marcus Semien","OAK",703,0.086770981,0.186344238,0.465648854,0.254746835,0.318116975,0.387658227,0.705775202,0.132911392,0.296146044,78.03868582534307,-4.142012062792845,0.30747762433120185,95.15047536396108,12533
2018,"C.J. Cron","TBR",560,0.066071428,0.258928571,0.255172413,0.253493013,0.323214285,0.493013972,0.816228257,0.239520959,0.293051359,80.20794923421444,14.74395091649593,0.3469738247787653,122.38407541030662,12546
2018,"John Hicks","DET",312,0.07051282,0.269230769,0.261904761,0.260416666,0.311897106,0.402777777,0.714674883,0.142361111,0.336734693,35.43839453489385,-1.034404527835025,0.3106359456129779,94.6796987245847,12547
2018,"Eugenio Suarez","CIN",606,0.105610561,0.234323432,0.450704225,0.282732447,0.366336633,0.525616698,0.891953331,0.242884251,0.322128851,101.34635426983202,30.504956090300922,0.3764052789079924,135.22977265254997,12552
2018,"Trevor Story","COL",656,0.071646341,0.25609756,0.279761904,0.290969899,0.347560975,0.566889632,0.914450607,0.275919733,0.345088161,113.6926513977104,37.00625336838302,0.3838505776881441,127.02261168799808,12564
2018,"Brad Miller","2 Tms",254,0.086614173,0.322834645,0.268292682,0.247826086,0.311023622,0.413043478,0.7240671,0.165217392,0.349650349,29.04129346566375,-0.6513057713014321,0.3116622880513489,96.5188224586798,12775
2018,"George Springer","HOU",620,0.103225806,0.196774193,0.524590163,0.264705882,0.34577922,0.433823529,0.779602749,0.169117647,0.302729528,85.13734669385978,12.659348556385718,0.33972904531212594,118.76992953134445,12856
2018,"James McCann","DET",457,0.056892778,0.253829321,0.224137931,0.220140515,0.266958424,0.31381733,0.580775754,0.093676815,0.281967213,31.658485376052905,-21.764813251085233,0.2563201228168913,57.63293485167845,12859
2018,"Anthony Rendon","WSN",597,0.092127303,0.137353433,0.670731707,0.308128544,0.373534338,0.534971644,0.908505982,0.2268431,0.3225058,102.98239140398644,33.19309319741869,0.38285503244480573,139.55572039563887,12861
2018,"Gregory Polanco","PIT",535,0.114018691,0.218691588,0.521367521,0.253796095,0.340225563,0.498915401,0.839140964,0.245119306,0.286585365,79.33039200148531,16.788893608664946,0.3531674029026357,123.47431817253253,12907
2018,"Francisco Lindor","CLE",745,0.093959731,0.143624161,0.654205607,0.276853252,0.351752021,0.518910741,0.870662762,0.242057489,0.279383429,119.70558523802748,32.61508747606268,0.3683644672640327,130.3667632364027,12916
2018,"Alen Hanson","SFG",310,0.029032258,0.229032258,0.126760563,0.25170068,0.273615635,0.425170068,0.698785703,0.173469388,0.302752293,31.587999737901782,-4.65099933083525,0.2963088496500195,86.49965507627056,12926
2018,"Brandon Nimmo","NYM",535,0.14953271,0.261682242,0.571428571,0.263279445,0.403738317,0.482678983,0.8864173,0.219399538,0.351449275,93.3441524582993,30.802654065478944,0.38527630048665945,148.80139542564046,12927
2018,"Austin Hedges","SDP",326,0.064417177,0.276073619,0.233333333,0.231023102,0.282208588,0.429042904,0.711251492,0.198019802,0.28,34.58110569714622,-3.5282933235256224,0.30143304284512074,89.81681842684681,12976
2018,"Javier Baez","CHC",645,0.04496124,0.258914728,0.173652694,0.290429042,0.326086956,0.554455445,0.880542401,0.264026403,0.347188264,102.59604582660675,27.195547764234547,0.3663847768831553,130.53564376273093,12979
2018,"Jackie Bradley Jr.","BOS",535,0.085981308,0.256074766,0.335766423,0.234177215,0.314018691,0.402953586,0.716972277,0.168776371,0.298780487,60.63532297719415,-1.9061754156262096,0.31033250084496977,90.1505442193521,12984
2018,"Teoscar Hernandez","TOR",523,0.078393881,0.311663479,0.251533742,0.239495798,0.30210325,0.468487394,0.770590644,0.228991596,0.31292517,66.84410429265964,5.705405863790384,0.32807240693564627,107.06864834798313,13066
2018,"Mikie Mahtook","DET",250,0.084,0.264,0.318181818,0.201793721,0.276,0.358744394,0.634744394,0.156950673,0.238410596,21.361836074972857,-7.863163174008617,0.2761449134014696,71.15467304524226,13130
2018,"Josh Bell","PIT",583,0.132075471,0.17838765,0.740384615,0.261477045,0.3567753,0.411177644,0.767952944,0.149700599,0.305128205,78.06015816278104,9.907459914156238,0.33553139775632373,111.694256246206,13145
2018,"Jorge Polanco","MIN",333,0.075075075,0.186186186,0.403225806,0.28807947,0.345454545,0.427152317,0.772606862,0.139072847,0.344680851,44.6654774429488,5.73777844330547,0.335821471972899,110.06156348745657,13152
2018,"Nicky Delmonico","CHW",318,0.08490566,0.251572327,0.3375,0.214788732,0.295597484,0.373239436,0.66883692,0.158450704,0.269035532,31.355204921873714,-5.818994122830723,0.29226918043774386,83.85938677937833,13157
2018,"Blake Swihart","BOS",207,0.072463768,0.275362318,0.263157894,0.229166666,0.285024154,0.328125,0.613149154,0.098958334,0.31060606,16.881306195999656,-7.316993182157005,0.27137019668800244,63.57583343081334,13176
2018,"Orlando Arcia","MIL",366,0.040983606,0.237704918,0.172413793,0.235632183,0.26849315,0.307471264,0.575964414,0.071839081,0.305019305,24.50833316609683,-18.27706573441205,0.25348613196856357,53.6373998021394,13185
2018,"Mike Zunino","SEA",405,0.059259259,0.37037037,0.16,0.201072386,0.259259259,0.410187667,0.669446926,0.209115281,0.268292682,38.39241366043053,-8.952085122919463,0.2876047259495582,84.0856035114205,13265
2018,"Joey Rickard","BAL",230,0.065217391,0.239130434,0.272727272,0.244131455,0.3,0.413145539,0.713145539,0.169014084,0.293333333,25.846406657458164,-1.0405926516047928,0.30915403884390125,93.48931849576441,13277
2018,"Max Muncy","LAD",481,0.164241164,0.272349272,0.603053435,0.263291139,0.39085239,0.582278481,0.973130871,0.318987342,0.298701298,92.4692089304721,36.240310375431754,0.40705732684386403,161.6980156525134,13301
2018,"Jake Lamb","ARI",238,0.109243697,0.273109243,0.4,0.222222222,0.306722689,0.347826086,0.654548775,0.125603864,0.285714285,22.974395787349607,-4.847803497680754,0.289731502532959,77.5187484104758,13329
2018,"Omar Narvaez","CHW",322,0.118012422,0.201863354,0.584615384,0.275,0.365625,0.428571428,0.794196428,0.153571428,0.330097087,46.28506294941025,8.643263916722113,0.3476038326664031,121.60105558923061,13338
2018,"Luke Maile","TOR",231,0.108225108,0.29004329,0.373134328,0.247524752,0.333333333,0.366336633,0.699669966,0.118811881,0.350746268,26.100585435837235,-0.9033138702216499,0.3099065244971932,94.67838851951868,13355
2018,"Stephen Piscotty","OAK",605,0.069421487,0.188429752,0.368421052,0.267399267,0.330578512,0.49084249,0.821421002,0.223443223,0.290243902,88.4946309596555,17.77013277712032,0.3507047562559774,124.63406351344426,13367
2018,"Jose Ramirez","CLE",698,0.151862464,0.11461318,1.325,0.269896193,0.386819484,0.551903114,0.938722598,0.282006921,0.251612903,125.31965961874872,43.72346171559243,0.39148628310263595,146.13727738108165,13510
2018,"Jesse Winker","CIN",334,0.146706586,0.13772455,1.065217391,0.298932384,0.405405405,0.430604982,0.836010387,0.131672598,0.336244541,52.92199951537999,13.877400518740735,0.36563146947727376,128.0333502641812,13590
2018,"Jose Peraza","CIN",683,0.042459736,0.109809663,0.386666666,0.287974683,0.325925925,0.41613924,0.742065165,0.128164557,0.306569343,82.28714769709404,2.4444497488766563,0.3190871818232643,96.94384976039812,13593
2018,"Mallex Smith","TBR",544,0.086397058,0.180147058,0.479591836,0.295833333,0.366852886,0.40625,0.773102886,0.110416667,0.366492146,74.5746990933664,10.981100727582715,0.3394440960839696,117.2483328840378,13608
2018,"Mookie Betts","BOS",614,0.131921824,0.148208469,0.89010989,0.346153846,0.438110749,0.640384615,1.078495364,0.294230769,0.368159203,138.99483236198316,67.21823420648467,0.44889713366432943,184.66022793465848,13611
2018,"Ketel Marte","ARI",580,0.093103448,0.136206896,0.683544303,0.259615384,0.331606217,0.436538461,0.768144678,0.176923077,0.282051282,75.08009315326491,7.278094895627885,0.33008205704391,104.47111244967651,13613
2018,"Jeimer Candelario","DET",619,0.106623586,0.258481421,0.4125,0.224489795,0.316639741,0.393320964,0.709960705,0.168831169,0.279452054,70.32425754046083,-2.0368406000172987,0.31066642552131973,94.7004879147153,13621
2018,"David Dahl","COL",271,0.070110701,0.250922509,0.279411764,0.273092369,0.324723247,0.534136546,0.858859793,0.261044177,0.311377245,41.12612203279442,9.446222846898504,0.3574280879470739,109.37357139711202,13744
2018,"Chris Taylor","LAD",604,0.091059602,0.294701986,0.308988764,0.253731343,0.331125827,0.44402985,0.775155677,0.190298507,0.344927536,80.37734843330564,9.769750247766398,0.3345276467650142,113.25143629754113,13757
2018,"Travis Jankowski","SDP",387,0.095607235,0.18863049,0.506849315,0.259365994,0.332467532,0.345821325,0.678288857,0.086455331,0.318518518,41.423336148670366,-3.8169626887529584,0.30260986445786114,90.60288258135972,13768
2018,"Adalberto Mondesi","KCR",291,0.037800687,0.26460481,0.142857142,0.276363636,0.305555555,0.498181818,0.803737373,0.221818182,0.335135135,40.20885124566745,6.19095211985301,0.34077888789276284,114.13106580179455,13769
2018,"Kevin Plawecki","NYM",277,0.101083032,0.234657039,0.43076923,0.210084033,0.315217391,0.369747899,0.68496529,0.159663866,0.257485029,29.40841359398704,-2.9728855738844358,0.30154403630834425,92.87199139854113,13807
2018,"Matt Duffy","TBR",560,0.083928571,0.166071428,0.505376344,0.294234592,0.36135957,0.365805168,0.727164738,0.071570576,0.352941176,69.32978099532029,3.8657826776017834,0.32316202448687675,106.14294902409355,13836
2018,"Joey Wendle","TBR",545,0.067889908,0.176146788,0.385416666,0.299794661,0.35359116,0.435318275,0.788909435,0.135523614,0.352791878,73.9480364403351,10.23753807755548,0.337726273319938,116.07667109123942,13853
2018,"Devon Travis","TOR",378,0.042328042,0.169312169,0.25,0.232492997,0.275132275,0.38095238,0.656084655,0.148459383,0.255319148,34.5460590745762,-9.642139789883794,0.283431574899891,76.62082893949488,13862
2018,"Addison Russell","CHC",465,0.086021505,0.212903225,0.404040404,0.25,0.316810344,0.34047619,0.657286534,0.09047619,0.314465408,45.14565334634974,-9.2128452567558,0.2904134862350695,79.7902226181611,14106
2018,"Albert Almora Jr.","CHC",479,0.050104384,0.173277661,0.289156626,0.286036036,0.322851153,0.378378378,0.701229531,0.092342342,0.337016574,52.057909393857415,-3.9371891671910975,0.3046243068049936,89.2824145827698,14109
2018,"Joey Gallo","TEX",577,0.128249566,0.358752166,0.357487922,0.206,0.311958405,0.498,0.809958405,0.292,0.249011857,80.81893811255878,13.36763984590954,0.3430990311487807,109.69178056454618,14128
2018,"Greg Bird","NYY",311,0.096463022,0.250803858,0.384615384,0.198529411,0.286173633,0.386029411,0.672203044,0.1875,0.229946524,30.44839535633055,-5.9075037094024045,0.2914154439203201,80.61668670645015,14131
2018,"Daniel Robertson","TBR",340,0.126470588,0.226470588,0.558441558,0.262411347,0.382352941,0.414893617,0.797246558,0.15248227,0.328282828,50.632566358483714,10.886567379868907,0.35394972492666804,127.1420724777642,14145
2018,"Carlos Correa","HOU",468,0.113247863,0.237179487,0.477477477,0.23880597,0.322649572,0.405472636,0.728122208,0.166666666,0.282229965,54.16676448206371,-0.5424341120296143,0.3132792313893636,100.72951404214956,14162
2018,"Jorge Soler","KCR",257,0.108949416,0.26848249,0.405797101,0.264573991,0.354085603,0.466367713,0.820453316,0.201793722,0.340136054,38.350445257500546,8.307146029547587,0.35432262921611624,123.36873837918847,14221
2018,"Yasiel Puig","LAD",444,0.081081081,0.195945945,0.413793103,0.266666666,0.326576576,0.49382716,0.820403736,0.227160494,0.286195286,64.1607346067161,12.257135940525005,0.3485400203396292,122.61107455316419,14225
2018,"Mitch Haniger","SEA",683,0.102489019,0.216691068,0.472972972,0.285234899,0.36603221,0.49328859,0.8593208,0.208053691,0.335664335,108.77055813257037,28.927860184352976,0.3666182631772116,137.97774222439355,14274
2018,"Wilmer Difo","WSN",456,0.085526315,0.179824561,0.475609756,0.230392156,0.298013245,0.350490196,0.648503441,0.12009804,0.269349845,40.579707026420145,-12.726691603722061,0.28048826727483955,71.1793039172109,14320
2018,"Nick Williams","PHI",448,0.071428571,0.247767857,0.288288288,0.255528255,0.323660714,0.425061425,0.748722139,0.16953317,0.311827956,55.94690921240192,3.575710558227114,0.3244838359110024,102.955866066342,14330
2018,"Matt Olson","OAK",660,0.106060606,0.246969696,0.429447852,0.246551724,0.334848484,0.453448275,0.788296759,0.206896551,0.292307692,90.67432013544115,13.520322118130066,0.33981121457330715,117.20399165440901,14344
2018,"Lewis Brinson","MIA",406,0.041871921,0.295566502,0.141666666,0.198952879,0.239506172,0.337696335,0.577202507,0.138743456,0.256916996,25.336307168702906,-22.12509161164301,0.24789892015031195,56.18428798027906,14352
2018,"Ronald Guzman","TEX",428,0.077102803,0.28271028,0.272727272,0.235142118,0.306074766,0.416020671,0.722095437,0.180878553,0.29880478,49.07369333876339,-0.959505375492895,0.3119519352912903,88.4475271194458,14388
2018,"Jake Cave","MIN",309,0.058252427,0.330097087,0.176470588,0.265017667,0.312703583,0.473498233,0.786201816,0.208480566,0.362573099,40.60370993575809,4.481610864016992,0.3324787135984077,107.78159470839788,14477
2018,"Renato Nunez","2 Tms",261,0.072796934,0.237547892,0.306451612,0.258474576,0.32183908,0.419491525,0.741330605,0.161016949,0.31547619,32.02437098855737,1.5134717726207048,0.3218081856139318,101.02844939843575,14503
2018,"Pedro Severino","WSN",213,0.084507042,0.220657276,0.382978723,0.168421052,0.253521126,0.247368421,0.500889547,0.078947369,0.211267605,8.703313978282448,-16.19638538184977,0.2214899048850867,31.77103902177447,14523
2018,"Nomar Mazara","TEX",536,0.074626865,0.21641791,0.344827586,0.257668711,0.317164179,0.435582822,0.752747001,0.177914111,0.297752808,66.56603759900423,3.90763920918795,0.3236366452349259,96.41722485983347,14553
2018,"Franmil Reyes","SDP",285,0.084210526,0.280701754,0.3,0.279693486,0.340350877,0.498084291,0.838435168,0.218390805,0.345454545,43.75479998413922,10.438300840300334,0.35959619220934413,128.66719841122847,14566
2018,"David Bote","CHC",210,0.09047619,0.285714285,0.316666666,0.239130434,0.319047619,0.407608695,0.726656314,0.168478261,0.314049586,24.413090494954282,-0.1359088741901562,0.31390667902795893,95.48262368355994,14593
2018,"Manuel Margot","SDP",519,0.061657032,0.16955684,0.363636363,0.245283018,0.291505791,0.383647798,0.675153589,0.13836478,0.280927835,49.35146075218461,-11.31963768870094,0.2879644246184872,80.82038440136841,14712
2018,"Phillip Ervin","CIN",247,0.080971659,0.242914979,0.333333333,0.252293577,0.323886639,0.403669724,0.727556363,0.151376147,0.309677419,28.952248705952943,0.07794944795924498,0.31508685563637956,94.2718109502449,14738
2018,"JaCoby Jones","DET",467,0.051391862,0.304068522,0.169014084,0.207459207,0.26609442,0.363636363,0.629730783,0.156177156,0.280575539,39.09640489025547,-15.495893706841928,0.2740253189602635,69.70897802070982,14818
2018,"Tony Kemp","HOU",295,0.108474576,0.149152542,0.727272727,0.262745098,0.350515463,0.392156862,0.742672325,0.129411764,0.296116504,37.49407631298294,3.008577199184797,0.3272015507878928,110.22540037451411,14894
2018,"Daniel Palka","CHW",449,0.066815144,0.340757238,0.196078431,0.239808153,0.293986636,0.48441247,0.778399106,0.244604317,0.308016877,57.70470427418908,5.216605623018347,0.32894184904782764,108.87242395065728,14897
2018,"Andrew Knapp","PHI",215,0.111627906,0.348837209,0.32,0.197860962,0.294392523,0.315508021,0.609900544,0.117647059,0.302752293,17.73909020981868,-7.394409144305387,0.2725410847596719,68.26043361947637,14942
2018,"Johan Camargo","ATL",524,0.097328244,0.20610687,0.472222222,0.271551724,0.349236641,0.456896551,0.806133192,0.185344827,0.314705882,74.7441801556175,13.488581729752328,0.346254375576973,115.48519510253243,14950
2018,"Victor Caratini","CHC",200,0.06,0.21,0.285714285,0.232044198,0.292929292,0.303867403,0.596796695,0.071823205,0.289855072,15.68488308547879,-7.69511631370639,0.26753611064920524,64.50915987875332,14968
2018,"Johnny Field","2 Tms",233,0.030042918,0.309012875,0.097222222,0.221719457,0.254310344,0.402714932,0.657025276,0.180995475,0.283687943,20.851722533663917,-6.3859767663868165,0.2811491001268913,76.36337161737795,15048
2018,"Adam Engel","CHW",463,0.038876889,0.27861771,0.139534883,0.235431235,0.278508771,0.335664335,0.614173106,0.1002331,0.322033898,37.10846397577531,-17.01623463333838,0.2696487453945896,68.43084547029724,15082
2018,"Ryan McMahon","COL",202,0.08910891,0.316831683,0.28125,0.232044198,0.306930693,0.375690607,0.6826213,0.143646409,0.327433628,20.514138034496177,-3.099661358680854,0.2958900693058968,68.2689298185685,15112
2018,"Hunter Dozier","KCR",388,0.06185567,0.280927835,0.220183486,0.229281767,0.278350515,0.395027624,0.673378139,0.165745857,0.296296296,37.69910407664198,-7.658094757777276,0.29050568314557224,79.84161846348364,15117
2018,"Trey Mancini","BAL",636,0.069182389,0.240566037,0.287581699,0.242268041,0.298742138,0.41580756,0.714549698,0.173539519,0.285365853,70.76585799551921,-3.582540093889658,0.30779509093817764,92.56243164056703,15149
2018,"Mitch Garver","MIN",335,0.086567164,0.214925373,0.402777777,0.26821192,0.335329341,0.413907284,0.749236625,0.145695364,0.330357142,41.84736386278422,2.685864869149046,0.32452797781990234,102.3586992087208,15161
2018,"Tim Anderson","CHW",606,0.04950495,0.245874587,0.201342281,0.239858906,0.281456953,0.405643738,0.687100691,0.165784832,0.289276807,60.80071663562119,-10.040681543909898,0.2943897674052026,85.3057587684457,15172
2018,"Chad Pinder","OAK",333,0.081081081,0.264264264,0.306818181,0.258389261,0.332326283,0.43624161,0.768567893,0.177852349,0.324873096,44.031706330687534,5.104007331044207,0.33348848295934275,112.89149608541665,15191
2018,"Jake Bauers","TBR",388,0.139175257,0.268041237,0.519230769,0.20123839,0.316062176,0.383900928,0.699963104,0.182662538,0.252336448,43.09601028648573,-2.261188547933523,0.3075562033010888,95.49880993624126,15194
2018,"Carlos Asuaje","SDP",218,0.110091743,0.211009174,0.52173913,0.195767195,0.285714285,0.28042328,0.566137565,0.084656085,0.243055555,14.854947486383407,-10.62925185872844,0.254931736599516,58.75602757972851,15197
2018,"Adam Frazier","PIT",352,0.082386363,0.150568181,0.547169811,0.276729559,0.341880341,0.455974842,0.797855183,0.179245283,0.3046875,49.142063622264864,7.993264679698941,0.34253595551652005,116.37298725683394,15223
2018,"Jeff McNeil","NYM",248,0.056451612,0.096774193,0.583333333,0.328888888,0.38114754,0.471111111,0.852258651,0.142222223,0.358585858,39.705790752762994,10.714591497773371,0.36766006205798174,137.03453678179656,15362
2018,"Kris Bryant","CHC",457,0.105032822,0.234135667,0.44859813,0.272493573,0.374179431,0.460154241,0.834333672,0.187660668,0.341911764,69.84331332580773,16.42001469866959,0.3587435079519606,125.43161819353831,15429
2018,"Ryon Healy","SEA",524,0.051526717,0.215648854,0.238938053,0.235294117,0.276717557,0.411764705,0.688482262,0.176470588,0.25698324,53.36509926468733,-7.890499161177841,0.29624145335823526,89.97638789933498,15447
2018,"Hunter Renfroe","SDP",441,0.06802721,0.247165532,0.275229357,0.248138957,0.301587301,0.503722084,0.805309385,0.255583127,0.271062271,60.04104083609978,8.48814216089646,0.3382938426828059,114.43818257022606,15464
2018,"Victor Reyes","DET",219,0.02283105,0.210045662,0.108695652,0.221698113,0.23853211,0.287735849,0.526267959,0.066037736,0.277108433,10.249028135936701,-15.352071206171072,0.22876950551610475,38.84170310459014,15487
2018,"Amed Rosario","NYM",592,0.048986486,0.201013513,0.243697478,0.256317689,0.295415959,0.380866425,0.676282384,0.124548736,0.31002331,57.403914905973956,-11.80088331561418,0.29026472874176806,85.33791888506511,15518
2018,"Tyler White","HOU",237,0.101265822,0.206751054,0.489795918,0.276190476,0.354430379,0.533333333,0.887763712,0.257142857,0.306666666,39.73207327946154,12.0267739914271,0.37690500694991164,144.12624379935727,15564
2018,"Aaron Judge","NYY",498,0.152610441,0.305220883,0.5,0.278450363,0.391566265,0.527845036,0.919411301,0.249394673,0.368200836,89.20798434477432,30.991785840803217,0.39098546348436913,148.52962282192314,15640
2018,"Austin Meadows","2 Tms",191,0.05235602,0.209424083,0.25,0.286516853,0.324607329,0.460674157,0.785281486,0.174157304,0.335820895,24.994531676052453,2.6666322498306045,0.33178513390677317,109.56353751004517,15672
2018,"Jose Abreu","CHW",553,0.066907775,0.19710669,0.339449541,0.264529058,0.325497287,0.472945891,0.798443178,0.208416833,0.294117647,74.68101726428138,10.035318925534344,0.3369449113969838,114.33100942072213,15676
2018,"Miguel Andujar","NYY",606,0.041254125,0.160066006,0.257731958,0.296684118,0.328382838,0.52705061,0.855433448,0.230366492,0.315673289,93.71623028209125,22.87483210256015,0.36097110255269815,128.0579649330932,15878
2018,"Aledmys Diaz","TOR",452,0.050884955,0.137168141,0.370967741,0.263033175,0.303097345,0.452606635,0.75570398,0.18957346,0.268786127,55.24644007917655,2.40764143701804,0.3212294763988919,102.40134481203991,15937
2018,"Willy Adames","TBR",323,0.095975232,0.294117647,0.326315789,0.277777777,0.347826086,0.40625,0.754076086,0.128472223,0.378378378,41.134903626032276,3.376204596348211,0.3275130043582856,109.11058746928461,15986
2018,"Cody Bellinger","LAD",632,0.109177215,0.23892405,0.456953642,0.260323159,0.34335443,0.470377019,0.813731449,0.21005386,0.3125,89.58511376411595,15.704315662690771,0.34515976379618024,120.3532145061554,15998
2018,"Austin Slater","SFG",225,0.088888888,0.306666666,0.289855072,0.251256281,0.333333333,0.306532663,0.639865996,0.055276382,0.376923076,21.254682610816147,-5.0478167132671805,0.28719919358668305,80.4148126381246,16153
2018,"Trea Turner","WSN",740,0.093243243,0.178378378,0.522727272,0.271084337,0.344173441,0.41566265,0.759836091,0.144578313,0.313840155,96.45801015327407,9.952012376288902,0.331185566324766,105.0428301155188,16252
2018,"Yairo Munoz","STL",329,0.09118541,0.215805471,0.422535211,0.276450511,0.349544072,0.412969283,0.762513355,0.136518772,0.337962962,41.579756912733124,3.119657901073503,0.32632347108414456,105.63962373068145,16313
2018,"Michael Conforto","NYM",638,0.131661442,0.2492163,0.528301886,0.243093922,0.34952978,0.447513812,0.797043592,0.20441989,0.288888888,88.96633601438093,14.3841379309802,0.34233680055254984,120.1197317431435,16376
2018,"Rhys Hoskins","PHI",660,0.131818181,0.227272727,0.58,0.245519713,0.353566009,0.49641577,0.849981779,0.250896057,0.27176781,103.33552543714315,26.181527419832054,0.36332678958161235,128.90122023499308,16472
2018,"Kyle Schwarber","CHC",510,0.152941176,0.274509803,0.557142857,0.238317757,0.355599214,0.467289719,0.822888933,0.228971962,0.287878787,71.28799140278251,11.66899293486029,0.3427470896873006,114.74672690473524,16478
2018,"Matt Chapman","OAK",616,0.094155844,0.237012987,0.397260273,0.277879341,0.35551948,0.508226691,0.863746171,0.23034735,0.33773087,99.40154153736326,27.39114338787291,0.3692072153865517,137.25388954557187,16505
2018,"Isiah Kiner-Falefa","TEX",396,0.07070707,0.156565656,0.451612903,0.261235955,0.324808184,0.356741573,0.681549757,0.095505618,0.305841924,41.83903437848522,-4.453364431901437,0.30091466567455194,80.91942388462986,16512
2018,"Ozzie Albies","ATL",684,0.052631578,0.169590643,0.310344827,0.261345852,0.304538799,0.45226917,0.756807969,0.190923318,0.284860557,85.02482513463583,5.065227189422516,0.32377752954055766,100.47166817164188,16556
2018,"Greg Allen","CLE",291,0.048109965,0.199312714,0.24137931,0.256603773,0.310104529,0.343396226,0.653500755,0.086792453,0.320388349,27.587461090711063,-6.430438035103376,0.28761231211515575,75.28877914215683,16623
2018,"Colin Moran","PIT",465,0.083870967,0.176344086,0.475609756,0.277108433,0.339784946,0.407228915,0.747013861,0.130120482,0.316109422,57.18395814360896,2.8254595405034157,0.3221483668898295,102.75499074580952,16909
2018,"Gleyber Torres","NYY",484,0.086776859,0.252066115,0.344262295,0.271461716,0.339544513,0.480278422,0.819822935,0.208816706,0.320689655,70.19777521129669,13.61817666526855,0.3491903961946567,120.02279167720995,16997
2018,"Dustin Fowler","OAK",203,0.039408866,0.231527093,0.170212765,0.223958333,0.256157635,0.354166666,0.610324301,0.130208333,0.262411347,15.230695257086001,-8.500004133086959,0.26337280590545953,65.06825052111832,17098
2018,"Yoan Moncada","CHW",650,0.103076923,0.333846153,0.30875576,0.235294117,0.314814814,0.399653979,0.714468793,0.164359862,0.343930635,74.15454381252182,-1.8304542348300215,0.3112480136489573,96.80412951481847,17232
2018,"Rafael Devers","BOS",490,0.07755102,0.246938775,0.314049586,0.24,0.297959183,0.433333333,0.731292516,0.193333333,0.280645161,55.416596021653476,-1.864402506350219,0.31003590494640604,89.94824739949145,17350
2018,"J.T. Riddle","MIA",332,0.060240963,0.201807228,0.298507462,0.23051948,0.276595744,0.376623376,0.65321912,0.146103896,0.26609442,29.85994855732798,-8.95085044531942,0.2816515872027816,78.72955856497951,17642
2018,"Alex Bregman","HOU",705,0.136170212,0.120567375,1.129411764,0.286195286,0.394326241,0.531986531,0.926312772,0.245791245,0.288981288,128.95479697852534,46.54029909639759,0.3956216221852798,156.89213759291832,17678
2018,"Andrew Benintendi","BOS",661,0.10741301,0.160363086,0.66981132,0.29015544,0.365705614,0.464594127,0.830299741,0.174438687,0.327586206,100.28792674897802,23.017028734670987,0.3573847127721665,122.24307444777004,17901
2018,"Ian Happ","CHC",462,0.151515151,0.361471861,0.419161676,0.232558139,0.352813852,0.408268733,0.761082585,0.175710594,0.36231884,59.39455333015052,5.38675471803275,0.32899255718353304,105.55931494166171,17919
2018,"Cedric Mullins II","BAL",191,0.089005235,0.193717277,0.459459459,0.235294117,0.312169312,0.358823529,0.670992841,0.123529412,0.279069767,19.673415182704737,-2.6544842435171114,0.2976638646352859,85.65230620630314,17929
2018,"Scott Kingery","PHI",484,0.049586776,0.260330578,0.19047619,0.225663716,0.266528925,0.338495575,0.6050245,0.112831859,0.291021671,35.977351554480386,-20.602246991547748,0.26252125212864846,61.567633980008885,17975
2018,"David Fletcher","LAA",307,0.048859934,0.110749185,0.44117647,0.274647887,0.315789473,0.362676056,0.678465529,0.088028169,0.306772908,31.444683414559677,-4.443615663189576,0.2969571893152438,88.86670788856385,17992
2018,"Paul DeJong","STL",490,0.073469387,0.251020408,0.292682926,0.240825688,0.312883435,0.433486238,0.746369673,0.19266055,0.287625418,59.69820413621291,2.417205608209217,0.32074703572956687,101.9148145542213,18015
2018,"Harrison Bader","STL",427,0.072599531,0.292740046,0.248,0.263852242,0.334117647,0.422163588,0.756281235,0.158311346,0.357723577,53.99922854727338,4.08292983001302,0.32642111168088506,105.7048432782255,18030
2018,"Brian Anderson","MIA",670,0.092537313,0.192537313,0.480620155,0.272881355,0.356716417,0.4,0.756716417,0.127118645,0.331858407,88.33960981440006,10.01661182712971,0.3330261275439919,113.04545162779003,18289
2018,"Dansby Swanson","ATL",533,0.082551594,0.228893058,0.360655737,0.238493723,0.303605313,0.395397489,0.699002802,0.156903766,0.289855072,52.697167286084984,-9.610531112743525,0.2925973411183804,79.64469814977231,18314
2018,"Ronald Acuna Jr.","ATL",487,0.092402464,0.252566735,0.365853658,0.29330254,0.36550308,0.551963048,0.917466128,0.258660508,0.351916376,85.87218577562214,28.94188723860623,0.38754880256259566,143.06802370045506,18401
2018,"Guillermo Heredia","SEA",337,0.094955489,0.15430267,0.615384615,0.236301369,0.318181818,0.342465753,0.660647571,0.106164384,0.270042194,33.885151752128664,-5.510147235498367,0.29465723525394094,88.89585278062178,18721
2018,"Yuli Gurriel","HOU",573,0.040139616,0.109947643,0.365079365,0.290502793,0.322862129,0.4283054,0.751167529,0.137802607,0.305555555,70.95254015171831,3.968841873052767,0.3231905151620169,107.48962501352031,19198
2018,"Lourdes Gurriel Jr.","TOR",263,0.034220532,0.2243346,0.152542372,0.281124497,0.309160305,0.445783132,0.754943437,0.164658635,0.32596685,32.38323367659726,1.6385344666687431,0.32233703433325467,103.15676809677856,19238
2018,"Shohei Ohtani","LAA",367,0.100817438,0.277929155,0.362745098,0.285276073,0.360655737,0.564417177,0.925072914,0.279141104,0.349753694,65.33048807711499,22.428189179610186,0.38961222161958503,152.06319330869715,19755
2018,"Juan Soto","WSN",494,0.159919028,0.200404858,0.797979797,0.292270531,0.405679513,0.516908212,0.922587725,0.224637681,0.337883959,88.80488256032558,31.056284044338188,0.39176320560723854,145.50598127577038,20123